UDI,Product ID,actual_machine_failure,logistic_regression_prediction,logistic_regression_probability,xgboost_prediction,xgboost_probability
2,L47181,0,0,0.04862142538203531,0,0.016903784
5,L47184,0,0,0.012077981905958829,0,0.006683462
6,M14865,0,0,0.014368756660764707,0,0.0049675666
10,M14869,0,0,0.012325544133044155,0,0.0056527583
12,H29425,0,0,0.032197567686281806,0,0.025637614
14,M14873,0,0,0.02286357938740283,0,0.004350033
21,H29434,0,0,0.02292204450064319,0,0.010711827
22,L47201,0,0,0.11056912840315183,0,0.018990869
28,H29441,0,0,0.027234789501990014,0,0.007668966
36,M14895,0,0,0.257126369514702,0,0.020541023
39,H29452,0,0,0.25684776885840216,0,0.01615276
43,M14902,0,0,0.19722921942932872,0,0.013155535
56,L47235,0,0,0.2588861528883176,0,0.0066919127
57,L47236,0,0,0.27860798580623003,0,0.00630492
62,M14921,0,0,0.2513661550827394,0,0.005102294
66,L47245,0,0,0.3464793556794087,0,0.0360282
77,L47256,0,1,0.7370878930341414,0,0.22636566
81,H29494,0,0,0.14684799911333124,0,0.015198209
93,M14952,0,0,0.016672268256157256,0,0.005489217
98,M14957,0,0,0.0469879592321751,0,0.0041157203
102,L47281,0,0,0.08831864968585951,0,0.009147161
109,H29522,0,0,0.04091291874383521,0,0.0026186884
120,L47299,0,0,0.1482756955216064,0,0.0043995427
121,L47300,0,0,0.25455247803789216,0,0.025190989
129,L47308,0,0,0.33686187638475307,0,0.0034547758
130,L47309,0,0,0.12395141722001625,0,0.0040651346
132,L47311,0,0,0.1431273131069227,0,0.0067013646
133,M14992,0,0,0.1938058881662333,0,0.01019244
134,M14993,0,1,0.5113701150336847,0,0.017540066
137,H29550,0,0,0.27573773106699406,0,0.029612824
141,L47320,0,0,0.14988431104153122,0,0.006405478
144,H29557,0,1,0.5841296031835576,0,0.017894395
149,M15008,0,0,0.38293292772695614,0,0.013590329
157,M15016,0,1,0.6692676511029941,0,0.3407665
158,H29571,0,0,0.4737846602594151,0,0.2961454
164,M15023,0,0,0.05300673999343312,0,0.0023706576
167,H29580,0,0,0.016457575749208024,0,0.0024442738
197,H29610,0,0,0.2530436339893821,0,0.01827018
198,M15057,0,0,0.1114446416864734,0,0.004168342
205,L47384,0,0,0.22952643912906406,0,0.003553922
211,L47390,0,0,0.07727751527711069,0,0.004746436
215,M15074,0,0,0.12677436111839777,0,0.002966307
216,L47395,0,0,0.2592446121838023,0,0.003986282
222,H29635,0,0,0.08769165680049347,0,0.01197115
233,L47412,0,1,0.5302291534021077,0,0.033777364
234,L47413,0,0,0.11326527374986045,0,0.008137411
241,M15100,0,1,0.529864610515884,0,0.067278415
243,L47422,1,1,0.9153634843060174,1,0.9587048
245,M15104,0,1,0.5233795041403656,0,0.20508303
249,L47428,1,1,0.8948332456633735,1,0.9890543
250,L47429,1,1,0.919471365680038,1,0.9864057
262,L47441,0,0,0.03213553384804274,0,0.0023496232
268,L47447,0,0,0.049319172640548595,0,0.006487775
273,L47452,0,0,0.07616894424004353,0,0.0032050891
275,L47454,0,0,0.026400347718694588,0,0.0064568147
282,L47461,0,0,0.1589283225647004,0,0.0029443996
284,L47463,0,0,0.16562865714435418,0,0.0033156276
288,L47467,0,0,0.24684230131438842,0,0.0031476996
290,L47469,0,0,0.25025039837438623,0,0.020114591
294,H29707,0,0,0.08188327448023514,0,0.017229935
307,L47486,0,0,0.22693863451314567,0,0.014410915
314,L47493,0,0,0.3455738975399748,0,0.009758708
315,M15174,0,0,0.336858589701238,0,0.004356115
319,L47498,0,0,0.2288492816690935,0,0.004742199
324,L47503,0,1,0.7071725098126559,0,0.011137652
328,L47507,1,1,0.8337655905944267,1,0.9726247
331,M15190,0,0,0.1185248204789935,0,0.12158429
343,L47522,0,0,0.08919901582261579,0,0.0051829154
352,M15211,0,0,0.007809641479559017,0,0.0029272789
355,L47534,0,0,0.0517512798323331,0,0.0024456973
359,M15218,0,0,0.010990706469302614,0,0.0019898422
366,L47545,0,1,0.5129751524329793,0,0.030360645
376,L47555,0,0,0.06315905530698711,0,0.0030793254
378,M15237,0,0,0.45617750697352005,0,0.014187491
381,L47560,1,1,0.8059178296746439,1,0.9756653
387,L47566,0,0,0.19952369365652423,0,0.009703664
389,L47568,0,0,0.3355780522727377,0,0.024833212
399,H29812,0,0,0.20969180496246942,0,0.004284952
405,L47584,0,0,0.08303114058656236,0,0.010755386
406,L47585,0,1,0.735377979664537,0,0.2459107
410,L47589,0,0,0.1537314444636737,0,0.005489355
418,L47597,0,1,0.5450631656553941,1,0.77518797
419,L47598,0,0,0.03775037100748914,0,0.0072418703
421,M15280,0,0,0.00148610458237464,0,0.0028148098
427,L47606,0,0,0.060780260140894514,0,0.0048505627
432,L47611,0,0,0.023389741188808377,0,0.0038697917
434,M15293,0,0,0.010326097198740421,0,0.0033275967
460,L47639,0,0,0.0753689619062886,0,0.0029379295
471,H29884,0,0,0.10065188409094727,0,0.002397195
475,L47654,0,0,0.37220051584834807,0,0.009284096
483,L47662,0,0,0.07237838834109192,0,0.0043102265
498,L47677,0,0,0.12711419515268005,0,0.32081002
505,M15364,0,0,0.012487080889486774,0,0.0018266793
519,L47698,0,0,0.007044051053423176,0,0.008829752
521,L47700,0,0,0.016751173019571092,0,0.003061571
529,M15388,0,0,0.02915018016994406,0,0.0021968507
531,M15390,0,0,0.01331986757167146,0,0.0020352546
540,M15399,0,0,0.0076146145565172555,0,0.0052714557
542,L47721,0,0,0.06645238242452899,0,0.0084331855
543,L47722,0,0,0.013357241268929045,0,0.0062749316
546,L47725,0,0,0.03841518822904331,0,0.009510045
553,M15412,0,0,0.02430880681235535,0,0.002558049
554,M15413,0,0,0.01859345545742344,0,0.0029802022
556,M15415,0,0,0.06341258482450282,0,0.0029326961
562,M15421,0,0,0.049411550192218004,0,0.0049851662
569,L47748,0,0,0.06543023961596868,0,0.017495519
573,L47752,0,0,0.13965075385268275,0,0.039092116
576,M15435,0,1,0.5004143118716794,0,0.021243153
586,L47765,0,0,0.14662432427342276,1,0.7274262
589,L47768,0,0,0.11644246643886301,0,0.4088845
592,H30005,0,0,0.1957864156903775,0,0.045178212
593,H30006,0,0,0.030598180426531497,0,0.3229125
598,H30011,0,0,0.013029171250096314,0,0.01471711
601,L47780,0,0,0.009053190054494287,0,0.0028948009
619,H30032,0,0,0.0196587801671001,0,0.008323096
625,H30038,0,0,0.010659815019336735,0,0.003522123
633,H30046,0,0,0.059647524618557685,0,0.032034755
638,L47817,0,0,0.06333861656350002,0,0.0047590807
648,L47827,0,0,0.056778609287199494,0,0.016570792
653,L47832,0,0,0.08948567462750529,0,0.009573347
654,L47833,0,0,0.10185303025421956,0,0.01330599
657,M15516,0,0,0.036706110208973006,0,0.006715033
664,L47843,0,0,0.21901050562217367,0,0.0039268574
678,L47857,0,0,0.011239488536156127,0,0.0020475725
680,L47859,0,0,0.024404469673744173,0,0.013560032
682,M15541,0,0,0.00923663288981128,0,0.0016769399
685,L47864,0,0,0.05704276533008195,0,0.0017974363
686,M15545,0,0,0.0038960452885480274,0,0.0022107037
690,H30103,0,0,0.12675608962306031,0,0.009830046
705,L47884,0,0,0.012456173042803447,0,0.0024779486
707,M15566,0,0,0.03708130717125692,0,0.0046821116
717,H30130,0,0,0.0762067069450594,0,0.01376189
718,L47897,0,0,0.048208575363948916,0,0.0029013997
722,L47901,0,0,0.04982663928423499,0,0.003558023
733,L47912,0,0,0.07639855813454484,0,0.010647753
735,H30148,0,0,0.2642668519789152,0,0.009030873
736,L47915,0,0,0.029461581742740852,0,0.004830306
745,L47924,0,0,0.1081953827970219,0,0.010756918
748,L47927,0,0,0.256924031997579,0,0.22752954
755,M15614,0,0,0.28117327092091665,0,0.2978157
769,L47948,0,0,0.010162749032245675,0,0.0026008168
774,L47953,0,0,0.018548950589572896,0,0.002340591
780,L47959,0,0,0.009770968291883956,0,0.004040201
788,L47967,0,0,0.05638009566650645,0,0.016912766
789,M15648,0,0,0.04897294404185362,0,0.01989261
790,M15649,0,0,0.017287264111748253,0,0.0021491558
795,H30208,0,0,0.0076438388401808555,0,0.0025984626
798,L47977,0,0,0.09851187142523256,0,0.0032254832
804,H30217,0,0,0.03999717194737448,0,0.004502048
811,L47990,0,0,0.13116965470796743,0,0.0037981726
813,L47992,0,0,0.06058560230542427,0,0.016348997
824,M15683,0,0,0.06507597977245083,0,0.004740318
826,L48005,0,0,0.11712490498335498,0,0.0056352704
834,L48013,0,0,0.03245089609746907,0,0.017538242
841,L48020,0,0,0.2440902197211067,0,0.0076891463
842,L48021,0,0,0.34372971442503414,0,0.045442615
843,M15702,0,0,0.08405944954631951,0,0.0070909974
844,L48023,0,0,0.3076339391486406,0,0.07607486
845,L48024,0,0,0.12757968217025092,1,0.61825323
847,M15706,0,0,0.45099007614542586,0,0.37131155
851,L48030,0,0,0.0039452632620701105,0,0.0030516582
853,M15712,0,0,0.02969816306138628,0,0.0080155535
867,L48046,0,0,0.008809644890280854,0,0.010474843
871,L48050,0,0,0.31436913259087007,0,0.025975846
872,L48051,0,0,0.20772711586721526,0,0.017324634
874,L48053,0,0,0.03065338119543857,0,0.0084623145
875,L48054,0,0,0.00796053944354515,0,0.009366361
882,L48061,0,0,0.19654544820693934,0,0.008742743
885,L48064,0,0,0.12015318970481362,0,0.017495805
898,L48077,0,0,0.04093582525780068,0,0.004185333
900,H30313,0,0,0.37966547046798843,0,0.011350065
914,L48093,0,0,0.05787090982823577,0,0.013472312
915,M15774,0,0,0.1745666757875369,0,0.0068779285
917,M15776,0,0,0.13523326974307812,0,0.0051753633
922,H30335,0,0,0.21227576615087987,0,0.0071617304
925,L48104,0,0,0.24935429615540317,0,0.24542803
927,L48106,1,1,0.835566455882594,1,0.95464176
940,L48119,0,0,0.03172506721074407,0,0.0029138764
941,L48120,0,0,0.13609358686452055,0,0.010910048
942,L48121,0,0,0.008090191049863192,0,0.007833106
944,M15803,0,0,0.05585049439425408,0,0.008825271
946,M15805,0,0,0.06371819804173426,0,0.008543789
948,L48127,0,0,0.05712452464445491,0,0.014363577
952,H30365,0,0,0.010491428898326537,0,0.0046704398
957,H30370,0,0,0.019168541553720247,0,0.0036331825
960,L48139,0,0,0.019901110992375338,0,0.0045705894
963,M15822,0,0,0.06404976078121286,0,0.0027871921
967,M15826,0,0,0.02719115057157746,0,0.0031918944
974,L48153,0,0,0.04925952099826827,0,0.008390977
975,L48154,0,0,0.0356379337796417,0,0.005198033
977,M15836,0,0,0.2751813904253988,0,0.012164674
978,L48157,0,0,0.05735816467393822,0,0.012799861
979,M15838,0,0,0.14585870461172026,0,0.0031115809
980,L48159,0,1,0.5165592321662126,0,0.018004516
983,L48162,0,0,0.10632682169599501,0,0.0037606605
985,L48164,0,0,0.31006977425061816,0,0.01899353
987,H30400,0,0,0.05242882225514967,0,0.007424615
990,M15849,0,0,0.16544080144049364,0,0.020570293
992,M15851,0,0,0.16107551663101247,0,0.0046599666
998,M15857,0,0,0.2275550689174807,0,0.021546721
1004,L48183,0,0,0.4007068123609409,0,0.025168449
1008,M15867,0,0,0.004031975510271835,0,0.0021051962
1010,M15869,0,0,0.008860807986378628,0,0.0044661276
1012,M15871,0,0,0.012415392948952914,0,0.002814858
1020,L48199,0,0,0.15649436569510353,0,0.01619664
1025,L48204,0,0,0.016246273346889377,0,0.004741211
1029,L48208,0,0,0.020613960249942827,0,0.0029100121
1032,L48211,0,0,0.019151311173497422,0,0.004227541
1033,L48212,0,0,0.03010337931447973,0,0.0036214998
1039,L48218,0,0,0.05566144440372564,0,0.0038112176
1040,L48219,0,0,0.02708433801971728,0,0.0038164004
1041,L48220,0,0,0.11293520898518283,0,0.0031707275
1046,H30459,0,0,0.2131197504555079,0,0.016690478
1051,L48230,0,0,0.022977436268735982,0,0.012604702
1053,L48232,0,0,0.08175959041511469,0,0.011861411
1060,M15919,0,0,0.01916326704668011,0,0.0059242947
1065,M15924,0,0,0.07111882125559449,0,0.009923761
1068,L48247,0,0,0.27990446260085755,0,0.011925041
1070,M15929,0,0,0.05509949673620622,0,0.0107010845
1075,L48254,0,0,0.05546302147887194,0,0.0042657503
1083,H30496,0,0,0.06624260246013285,0,0.00870542
1084,L48263,0,0,0.19757388333944065,0,0.00989492
1085,M15944,0,1,0.5069773648773083,0,0.011674691
1086,L48265,1,1,0.8320134985231311,1,0.8108561
1089,M15948,0,0,0.009786086594418566,0,0.0056106322
1090,M15949,0,0,0.007108005447827203,0,0.0074026072
1092,L48271,0,0,0.06022996847210544,0,0.010463061
1093,M15952,0,0,0.01249443798190097,0,0.0035808675
1097,L48276,0,0,0.056352440427529155,0,0.005427816
1105,L48284,0,0,0.022852062617467587,0,0.006932733
1109,L48288,0,0,0.1446258426396173,0,0.0075321444
1110,L48289,0,0,0.01995458151847987,0,0.0043142354
1128,M15987,0,0,0.03390383323948134,0,0.0038223623
1151,L48330,0,1,0.5651572431016341,0,0.009825499
1153,L48332,0,0,0.11884298368542315,0,0.005555673
1170,L48349,0,0,0.14424090538267462,1,0.6329774
1182,L48361,0,0,0.10203362683063912,0,0.012921933
1184,L48363,0,0,0.026157939062862262,0,0.0024172165
1188,M16047,0,0,0.010319636414477178,0,0.0018921935
1199,H30612,0,0,0.017102086353991373,0,0.0027248543
1201,M16060,0,0,0.358769177909176,0,0.019184269
1211,L48390,0,0,0.06235690947632355,0,0.0035102488
1218,L48397,0,0,0.10362197930361378,0,0.004586669
1225,L48404,0,0,0.0345011113184759,0,0.005674262
1232,M16091,0,0,0.1770896608637714,0,0.0036025862
1236,H30649,0,0,0.042102213663196525,0,0.004477168
1239,M16098,0,0,0.04614407387778953,0,0.0043327445
1242,M16101,0,0,0.04892462455085547,0,0.0043327445
1248,L48427,0,0,0.33529615837069043,0,0.17633128
1252,M16111,0,0,0.23304527553650695,1,0.5236718
1263,H30676,0,0,0.00849153519778538,0,0.0020276678
1273,H30686,0,0,0.018810344723219387,0,0.0029637348
1274,L48453,0,0,0.077053611525147,0,0.018438173
1282,H30695,0,0,0.31987504204303885,0,0.027596299
1287,L48466,0,0,0.13251039629573394,0,0.004775707
1291,L48470,0,0,0.13232864826740703,0,0.043114617
1300,M16159,0,0,0.040583828082625124,0,0.004321634
1301,L48480,0,1,0.5386910743593538,0,0.09112136
1302,L48481,0,0,0.015241373409844336,0,0.00658205
1304,L48483,0,0,0.32396342881480955,0,0.009348504
1308,L48487,0,0,0.08768024994850582,0,0.016152214
1309,L48488,0,0,0.03603796896086848,0,0.016508268
1311,L48490,0,1,0.5797848150126482,0,0.015400933
1314,L48493,0,1,0.6641760034909787,0,0.09486402
1315,M16174,0,0,0.07693601733455391,0,0.0073471167
1321,M16180,0,0,0.08789129408601137,0,0.00972055
1326,H30739,0,0,0.0990821375591152,0,0.005499754
1327,L48506,0,0,0.3037907236589172,0,0.0916932
1332,H30745,0,0,0.0836391916594884,0,0.40637338
1338,H30751,0,0,0.0081899028980712,0,0.0022719512
1339,L48518,0,0,0.004746094842249282,0,0.007588667
1342,M16201,0,0,0.01863840662405863,0,0.02214
1344,L48523,0,0,0.01151277549687113,0,0.003229232
1345,L48524,0,0,0.018289640925052773,0,0.041110773
1346,L48525,0,0,0.010027941435185903,0,0.008979482
1350,L48529,0,0,0.02754465145542746,0,0.030917622
1354,M16213,0,0,0.04822678864270197,0,0.019946553
1362,M16221,0,0,0.01731751909866136,0,0.003492968
1365,L48544,0,0,0.010420090204262098,0,0.0034314345
1369,H30782,0,0,0.006943592706773076,0,0.0064730444
1371,L48550,0,0,0.02110373030253715,0,0.0095063085
1379,H30792,0,0,0.06691446114627199,0,0.015386154
1380,L48559,0,0,0.04967903330135334,0,0.003926436
1385,L48564,0,0,0.12813459120444967,0,0.0049632885
1391,L48570,0,1,0.5755074179613638,0,0.031868555
1392,L48571,1,1,0.8795381922971395,1,0.9851815
1403,M16262,0,0,0.4764366295978522,0,0.056280598
1404,L48583,0,0,0.24383799751397703,0,0.06474403
1406,L48585,0,0,0.10608077774506235,0,0.016725158
1419,L48598,0,0,0.22889608757516128,1,0.8641435
1426,L48605,0,0,0.11323354490984802,0,0.027784696
1427,M16286,0,0,0.010799128023686447,0,0.0027081552
1428,L48607,0,0,0.007330952586835837,0,0.018694302
1429,L48608,0,0,0.008197777215446352,0,0.004392303
1430,M16289,0,0,0.020365348507006994,0,0.0028759595
1434,L48613,0,0,0.017321123534944385,0,0.034894854
1449,M16308,0,0,0.011661925030870959,0,0.0065552224
1450,H30863,0,0,0.012817414932215299,0,0.0063747847
1476,M16335,0,0,0.023652054394469844,0,0.004928503
1481,M16340,0,0,0.07888792275659628,0,0.024328453
1482,M16341,0,1,0.6688534844206021,0,0.036047813
1503,L48682,0,1,0.6314605707974781,0,0.10097394
1509,M16368,0,0,0.13575695908605528,1,0.53847253
1519,H30932,0,0,0.1795184243360789,0,0.012982369
1525,L48704,0,0,0.03367062353489695,0,0.0029484564
1528,H30941,0,0,0.02899210244673422,0,0.018171307
1539,L48718,0,0,0.08687836490923369,0,0.0049037277
1544,L48723,0,0,0.08494691784996872,0,0.003619991
1562,L48741,0,1,0.6673952940354803,0,0.016454773
1565,M16424,0,0,0.20794364942829938,0,0.013386776
1568,L48747,0,0,0.2236239704636499,0,0.004905569
1569,L48748,0,0,0.4141887773041346,0,0.017134145
1572,L48751,0,0,0.17888135845341774,0,0.0067091743
1575,L48754,0,1,0.7733910307089118,0,0.013708689
1585,M16444,0,0,0.1865174823510418,0,0.005598249
1587,M16446,0,0,0.438705789651885,0,0.0056059067
1601,M16460,0,0,0.09021249184258037,0,0.0018154711
1606,L48785,0,0,0.03430096104966937,0,0.005595762
1617,H31030,0,0,0.022830961107727987,0,0.005755093
1625,M16484,0,0,0.42737589024116396,0,0.019764487
1627,M16486,0,1,0.5332528523155884,0,0.014132727
1631,L48810,0,0,0.13466339238974892,0,0.009483814
1637,L48816,0,0,0.08220038328846846,0,0.0036847075
1650,H31063,0,0,0.07294829377268694,0,0.003935168
1651,M16510,0,1,0.5189954523860403,0,0.010558914
1653,H31066,0,0,0.13443618435457336,0,0.0037491606
1665,L48844,0,0,0.31248948498028284,0,0.015291629
1668,L48847,0,0,0.28126971608049156,0,0.013036984
1670,L48849,0,0,0.11640079067126505,0,0.0072421585
1671,L48850,0,0,0.10511579921049731,0,0.010200828
1679,L48858,0,0,0.4329739520170826,0,0.36778015
1682,M16541,0,0,0.320253336488271,1,0.5797947
1684,M16543,0,0,0.24009498863589201,0,0.009555034
1686,L48865,0,0,0.053558143375415,0,0.00501023
1687,H31100,0,0,0.013703794590175544,0,0.0074627944
1692,L48871,0,0,0.1125738172127499,0,0.0023667747
1693,M16552,0,0,0.03227179357074875,0,0.005134939
1695,L48874,0,0,0.08082882808161755,0,0.0031981329
1702,L48881,0,0,0.12365820552063811,0,0.0031989813
1710,L48889,0,0,0.049257009131636234,0,0.0073546427
1711,L48890,0,0,0.06445823301710449,0,0.0045578484
1714,L48893,0,0,0.463530046288943,0,0.0085714655
1725,M16584,0,1,0.6550680400230189,0,0.009957414
1726,M16585,0,0,0.3909903343817818,0,0.014074527
1728,M16587,0,0,0.08597133416263042,0,0.0036512394
1729,L48908,0,1,0.661390074541384,0,0.009830023
1732,M16591,0,0,0.19210477066962522,0,0.0032649424
1733,H31146,0,0,0.0712568474243504,0,0.007001567
1734,L48913,0,0,0.4061028213771876,0,0.003956719
1739,H31152,0,0,0.16628289975737073,0,0.010736429
1740,H31153,0,0,0.45961860559953915,0,0.008920936
1751,M16610,0,0,0.14929346451489273,0,0.0050898213
1754,L48933,0,1,0.9012047761712693,0,0.019850655
1755,M16614,0,1,0.6131632501548674,0,0.011823607
1756,L48935,0,1,0.6626354795291625,0,0.020737236
1759,L48938,0,0,0.38340489748685225,0,0.0077791563
1781,L48960,0,0,0.03624956289746013,0,0.0031138596
1782,L48961,0,0,0.031753244471766064,0,0.010015991
1792,L48971,0,0,0.1672273164592298,0,0.0032146776
1800,M16659,0,0,0.1855363935918961,0,0.038008966
1807,H31220,0,0,0.059263032652089445,0,0.003662689
1810,L48989,0,0,0.14765434904641683,0,0.007541357
1812,M16671,0,0,0.04186801462136465,0,0.0032927007
1813,L48992,0,0,0.11079735703953049,0,0.0053599165
1814,L48993,0,0,0.48363514470927044,0,0.0070809196
1822,L49001,0,0,0.2094995317217646,0,0.009573726
1834,L49013,1,1,0.9552995567231687,1,0.84621125
1844,L49023,0,0,0.05125171370466017,0,0.0020511826
1848,L49027,0,0,0.3126203788064096,0,0.010974183
1849,H31262,0,0,0.06560886773666641,0,0.005240109
1850,L49029,0,0,0.07103152171042938,0,0.0031745594
1851,M16710,0,0,0.2661875496543541,0,0.008589679
1854,L49033,0,0,0.08662956433933208,0,0.0028838343
1862,M16721,0,0,0.020188900069537746,0,0.0034477236
1868,L49047,0,0,0.17497880609565683,0,0.0031998418
1875,L49054,0,0,0.07498660600068005,0,0.0031017635
1880,M16739,0,0,0.0911488859951034,0,0.0036512394
1890,H31303,0,0,0.09146516386974028,0,0.005548993
1893,M16752,0,0,0.23023704001164896,0,0.0076458626
1895,H31308,0,0,0.14380052113930283,0,0.02031335
1897,L49076,0,0,0.24107952322428525,0,0.008697174
1904,L49083,0,0,0.2858887772532192,0,0.01736401
1905,M16764,0,0,0.19317695515380637,0,0.0061570466
1906,L49085,0,0,0.19057223407619542,0,0.16152112
1915,L49094,0,0,0.31680146698450884,0,0.00715048
1917,L49096,0,1,0.7819931077804154,0,0.37703216
1920,L49099,0,0,0.019593520592735236,0,0.0037832086
1927,L49106,0,0,0.018757216125997112,0,0.004370722
1939,L49118,0,0,0.1151134993203679,0,0.0032050891
1947,L49126,0,0,0.09122429783504968,0,0.003369042
1951,M16810,0,0,0.2744449501539239,0,0.006296239
1958,H31371,0,0,0.10321366773972677,0,0.003757987
1960,M16819,0,0,0.20894667013961618,0,0.00749742
1965,M16824,0,0,0.2328037832192155,0,0.012516252
1969,L49148,0,0,0.3182650136190078,0,0.007986907
1977,M16836,0,0,0.3904476026897433,0,0.019200947
1979,L49158,0,0,0.33584228161529056,0,0.014826466
1982,L49161,0,0,0.33797050414933794,0,0.014003284
1983,M16842,0,0,0.24885743111829442,0,0.005522994
1985,M16844,0,0,0.30889017685611225,0,0.014041898
1991,L49170,0,1,0.6866928536663198,0,0.027284998
1997,M16856,1,0,0.1294230331359451,0,0.012760593
2000,L49179,0,0,0.05036426395356711,0,0.003781015
2002,L49181,0,0,0.04176105656582033,0,0.0026663025
2012,L49191,0,0,0.021518585483449516,0,0.0042101727
2023,L49202,0,0,0.15471210325986684,0,0.024843993
2024,L49203,0,1,0.6628070998137046,0,0.027724234
2030,L49209,0,0,0.17670458499156766,0,0.0037829806
2031,L49210,0,0,0.36648819178322806,0,0.018283358
2034,H31447,0,0,0.14329084215186477,0,0.01584122
2040,M16899,0,0,0.06143373578384227,0,0.005965467
2043,M16902,0,1,0.507863522731762,0,0.017908555
2044,M16903,0,0,0.035137781148077266,0,0.0057122624
2047,L49226,0,0,0.2523924314346966,0,0.021136057
2048,L49227,0,0,0.072196265997788,0,0.012361399
2051,M16910,0,0,0.07022431455651836,0,0.0082648145
2052,M16911,0,0,0.2970884784484964,0,0.006004094
2054,L49233,0,1,0.943612352862384,1,0.5477144
2081,L49260,0,1,0.7809459964813766,1,0.77428454
2082,M16941,0,1,0.7000795787221713,0,0.47625983
2087,H31500,0,0,0.15732831128217367,0,0.10071972
2088,L49267,0,0,0.05329754076344237,0,0.0032076812
2095,L49274,0,0,0.04701889298784043,0,0.013254091
2098,M16957,0,0,0.046853330583754356,0,0.01331177
2101,M16960,0,0,0.13033558945151097,0,0.009496746
2102,L49281,0,0,0.05643618616743873,0,0.005093305
2103,L49282,0,1,0.7458076306025208,1,0.57038534
2104,M16963,0,0,0.0849424720641625,0,0.014963389
2105,M16964,0,0,0.050663520371716654,0,0.0031294508
2106,L49285,0,0,0.20704922990653837,0,0.0033749344
2111,H31524,0,0,0.02764832274391691,0,0.003568394
2115,H31528,0,0,0.07499112533147757,0,0.009083737
2117,M16976,0,0,0.11292155645017854,0,0.023984646
2119,H31532,0,0,0.12335981261791971,0,0.009560795
2120,M16979,0,0,0.10168614683901206,0,0.009821069
2127,L49306,0,0,0.44848712388935513,0,0.018461147
2130,H31543,0,0,0.11659229893827543,0,0.0033375763
2135,L49314,0,1,0.5775602814643488,0,0.01460437
2138,L49317,0,0,0.14981813946498104,0,0.0057025594
2161,L49340,0,1,0.5894076893476283,0,0.3593137
2162,L49341,0,0,0.44384247566390156,0,0.34937572
2170,L49349,0,0,0.2112784742260897,0,0.015767554
2173,L49352,0,0,0.02277698648118306,0,0.009501968
2177,M17036,0,0,0.10798277794020238,0,0.019510776
2182,H31595,0,0,0.2214613981669249,0,0.0053894655
2191,M17050,0,0,0.1774273753170975,0,0.004701401
2193,L49372,0,1,0.5422973670791055,0,0.008652694
2194,M17053,0,0,0.1281174043643295,0,0.005176834
2196,L49375,0,0,0.06850012666708752,0,0.005587789
2198,L49377,0,0,0.489268679530183,0,0.022712963
2200,M17059,0,1,0.5749799167249587,0,0.013962044
2204,L49383,0,0,0.09667192496343542,0,0.005396338
2213,L49392,0,0,0.22841346360987283,0,0.005101696
2219,L49398,0,0,0.4357309414253729,0,0.00544351
2226,M17085,0,1,0.7190192996759224,0,0.014030507
2238,L49417,0,1,0.8305782502377179,0,0.030055761
2249,M17108,0,1,0.5533798714603807,0,0.10219964
2251,M17110,0,0,0.154496486121026,0,0.015163834
2252,H31665,0,0,0.06452226340351784,0,0.007406175
2257,L49436,0,0,0.06663259845470297,0,0.0034709
2259,L49438,0,1,0.7683706071845451,0,0.16758041
2262,M17121,0,0,0.16020680516400185,0,0.054034922
2263,L49442,0,0,0.2746890474582974,0,0.0037578086
2264,M17123,0,0,0.21489767608788166,0,0.0036299627
2271,L49450,0,0,0.4169677943360409,0,0.026817538
2278,H31691,0,0,0.13601396823514206,0,0.018039318
2303,L49482,0,0,0.3575196669043152,0,0.0046055308
2315,L49494,0,0,0.47785693560984543,0,0.022175483
2325,L49504,0,0,0.23980720843797854,0,0.011406277
2340,L49519,0,0,0.09587243070887572,0,0.0034331668
2351,L49530,0,0,0.044483787312895984,0,0.00648289
2384,L49563,0,0,0.15159712774586137,0,0.0039093625
2389,M17248,0,0,0.1644606592013586,0,0.0045050834
2397,M17256,0,0,0.17022516706585883,0,0.004661723
2398,L49577,0,0,0.48351097753242006,0,0.006093096
2402,M17261,0,0,0.42292780002377856,0,0.013054753
2405,M17264,0,0,0.3162538946432263,0,0.025154252
2414,L49593,0,0,0.3826844678522537,0,0.017734148
2415,L49594,0,0,0.06449472233920263,0,0.007864881
2418,L49597,0,0,0.06390068559523376,0,0.0028970756
2421,H31834,0,0,0.08907603249611884,0,0.008948186
2422,L49601,0,1,0.5254024890826389,0,0.33856285
2428,L49607,0,0,0.06082255783086492,0,0.0055549378
2431,M17290,0,0,0.0966824644000466,0,0.0155488225
2434,L49613,0,0,0.1742808667648242,0,0.015180777
2444,L49623,0,0,0.18671659110676567,0,0.0033018887
2445,L49624,1,1,0.9475959876580262,1,0.98481005
2446,H31859,0,1,0.5645667461141497,0,0.018059403
2447,L49626,0,0,0.48244341716302863,0,0.025844455
2449,L49628,0,0,0.17653048795545875,0,0.010211859
2454,L49633,0,0,0.08969667015032355,0,0.005539952
2457,L49636,0,0,0.16187061839275035,0,0.0038462654
2460,L49639,0,1,0.5260512584585453,0,0.012616066
2467,L49646,0,0,0.0849920268181327,0,0.010416445
2472,L49651,0,0,0.4637395592116019,0,0.009600747
2475,L49654,0,0,0.3268924462572456,0,0.0233583
2483,L49662,0,0,0.4205123434606188,0,0.0071110115
2485,H31898,0,0,0.17947704842330303,0,0.006982722
2491,H31904,0,1,0.8046377485724037,0,0.015496911
2492,L49671,0,0,0.48601319713957974,0,0.016222402
2494,M17353,0,0,0.4658214488762573,0,0.15282303
2498,M17357,0,1,0.5684975976651601,0,0.12752563
2509,L49688,0,0,0.016849061277456924,0,0.004149939
2520,L49699,0,0,0.04369651628120656,0,0.0022890859
2532,M17391,0,0,0.06109170702496763,0,0.00333975
2535,L49714,0,0,0.04473180918599494,0,0.0062570274
2538,H31951,0,0,0.13193215742753103,0,0.015778547
2540,L49719,0,0,0.10988834014824228,0,0.008227666
2545,L49724,0,0,0.14469117547710408,0,0.014384532
2548,L49727,0,0,0.21018534242691791,0,0.0046026963
2555,L49734,0,0,0.18416106790346623,0,0.0054979525
2557,M17416,0,0,0.4299005972172723,0,0.01659552
2567,M17426,0,0,0.1593377300653149,0,0.011214034
2568,L49747,0,0,0.12732809493811664,0,0.015385042
2570,H31983,0,0,0.1418798731025523,0,0.024693416
2577,L49756,0,1,0.5102937114829745,0,0.008212217
2600,M17459,0,0,0.024367778290601508,0,0.00477406
2606,L49785,0,0,0.06792639143640619,0,0.003457425
2607,H32020,0,0,0.03586280924223742,0,0.0037700066
2609,L49788,0,0,0.10845224805486467,0,0.016152767
2613,L49792,0,1,0.6164419580951337,0,0.378666
2619,M17478,0,0,0.3239848537148156,0,0.008728581
2625,H32038,0,0,0.13667633427327025,0,0.025906
2626,L49805,0,0,0.06598357113728662,0,0.011139669
2628,M17487,0,0,0.3888327887004018,0,0.012153465
2636,H32049,0,1,0.6312399236610466,0,0.009057425
2641,M17500,0,1,0.768948821469208,0,0.024168741
2658,M17517,0,0,0.21618083804504154,0,0.009819317
2661,L49840,0,1,0.8533005679182951,0,0.24170525
2667,H32080,0,0,0.17174625422799014,0,0.19126472
2672,M17531,1,0,0.31170722155548936,0,0.06289729
2673,L49852,0,0,0.0623704779187263,0,0.008720501
2681,L49860,0,0,0.011932178537139652,0,0.007137198
2694,M17553,0,0,0.0868473079651035,0,0.0027470093
2701,L49880,0,0,0.11981942907359198,0,0.0035385198
2704,M17563,0,1,0.7156324272283207,0,0.04350577
2705,M17564,0,0,0.07042546061912154,0,0.0042668623
2708,M17567,0,0,0.06621210591257735,0,0.0035492294
2714,M17573,0,0,0.057462464441323934,0,0.0067164674
2736,L49915,0,0,0.4298573831802824,0,0.028400367
2743,L49922,0,1,0.7251360114935251,0,0.019124292
2748,L49927,0,0,0.22014558022267622,0,0.008254377
2751,H32164,0,0,0.2672791965354366,0,0.009812082
2764,L49943,0,1,0.8806844979298379,1,0.5963387
2766,M17625,0,0,0.36572859300115707,0,0.018073719
2774,L49953,0,0,0.03944694958547997,0,0.005309638
2779,L49958,0,0,0.1709097481975563,0,0.011054334
2782,L49961,0,0,0.3101138342222051,0,0.012507073
2783,M17642,0,0,0.10200075841461763,0,0.0035399308
2784,M17643,0,0,0.0326581667513498,0,0.0032197607
2788,M17647,0,0,0.08237371725955676,0,0.0034726122
2790,H32203,0,0,0.14892620956320987,0,0.08915055
2791,L49970,0,0,0.17813921588484688,0,0.024871508
2802,M17661,0,0,0.044026581413089516,0,0.008577927
2804,L49983,0,0,0.43614075560328797,0,0.02117161
2805,L49984,0,0,0.15193994724911922,0,0.008287933
2807,L49986,0,0,0.10468446007018041,0,0.01531952
2809,L49988,0,0,0.2687290304897745,0,0.0042927423
2810,L49989,0,0,0.19711622433628756,0,0.0032524823
2811,L49990,0,0,0.11189964449445405,0,0.005722498
2815,L49994,0,1,0.8873932229471424,0,0.025873493
2816,M17675,0,0,0.06434191385348247,0,0.0033038193
2818,L49997,0,0,0.21189204554932042,0,0.010480399
2823,L50002,0,0,0.4510693820191021,0,0.0041129477
2839,L50018,0,0,0.4578381122932325,0,0.009095888
2843,L50022,0,1,0.8890401531267751,0,0.34358042
2850,L50029,0,1,0.5810030391713434,0,0.16213751
2853,M17712,0,1,0.7685385676117698,0,0.38048294
2857,H32270,0,1,0.8058362515245385,0,0.15952477
2862,L50041,0,1,0.8612836336253712,0,0.1194568
2865,H32278,1,1,0.8094233074289421,1,0.83272225
2866,H32279,0,0,0.035787822127831805,0,0.0027039729
2870,L50049,0,0,0.05748048603038475,0,0.0035584758
2879,H32292,0,0,0.03064739076870977,0,0.004398824
2882,M17741,0,0,0.12771355801085127,0,0.0032019478
2885,L50064,0,0,0.14448527539872003,0,0.009764211
2888,M17747,0,0,0.048884914356289,0,0.012067773
2898,M17757,0,0,0.26054290848409833,0,0.004520936
2904,M17763,0,0,0.11407356926062251,0,0.0060542556
2906,L50085,0,0,0.2834426824883869,0,0.0050511598
2912,M17771,0,0,0.2146235908901137,0,0.01331576
2913,L50092,0,0,0.22970766335484966,0,0.005384616
2918,L50097,0,0,0.41612978813868756,0,0.0063332478
2923,L50102,0,0,0.32553975524747386,0,0.008232099
2937,M17796,0,1,0.7614114379725947,0,0.032187186
2940,L50119,0,1,0.5736489355172599,0,0.014012392
2942,M17801,1,1,0.5025660438359858,0,0.12277591
2944,H32357,0,0,0.07249532810403896,0,0.006430107
2946,H32359,0,0,0.04191424737959945,0,0.006430107
2947,M17806,0,0,0.03016512743083612,0,0.003998939
2950,M17809,0,0,0.38651974969698877,0,0.0076017496
2953,H32366,0,0,0.05507761582633058,0,0.0060120816
2964,M17823,0,0,0.15869091277301492,0,0.043116722
2966,M17825,0,0,0.11444414247219815,0,0.0050181826
2971,M17830,0,0,0.1090658775107491,0,0.0069477647
2973,M17832,0,0,0.25756018340604253,0,0.009948834
2986,L50165,0,0,0.14296701906569,0,0.0063543967
2989,M17848,0,0,0.44489409526000717,0,0.0054995506
2995,L50174,0,1,0.889925876887039,0,0.03814031
2998,L50177,0,1,0.9713394159837505,1,0.8183695
3007,L50186,0,0,0.21936757624266512,0,0.009404977
3014,L50193,0,1,0.7761334231630094,0,0.054880884
3023,L50202,0,1,0.6826784642191109,0,0.30597037
3027,M17886,0,0,0.3872244677260609,0,0.41159406
3033,M17892,0,0,0.07352102788827047,0,0.0058848555
3035,H32448,0,0,0.12579858513214628,0,0.0035173732
3038,L50217,0,0,0.1074584723359267,0,0.0072436226
3044,L50223,0,0,0.13146104177248738,0,0.004684972
3046,L50225,0,0,0.06281270827528378,0,0.0035233584
3048,L50227,0,0,0.16666314500324564,0,0.0034282075
3052,L50231,0,0,0.351134103871987,0,0.01858104
3053,L50232,0,0,0.15462641480411723,0,0.010088125
3056,L50235,0,0,0.0656973841338158,0,0.009974356
3060,M17919,0,0,0.17809655271068112,0,0.013455471
3066,M17925,0,0,0.0623418369534482,0,0.014718209
3081,M17940,0,0,0.4789153481749907,0,0.003857584
3082,M17941,0,0,0.19530703965879387,0,0.009911817
3086,L50265,0,0,0.44154281842121534,0,0.02000821
3092,L50271,0,0,0.10106545867118198,0,0.010028093
3097,L50276,0,1,0.549170733506241,0,0.009562388
3099,M17958,0,1,0.7536452828198102,0,0.016144304
3105,M17964,0,0,0.24728174416416526,0,0.026694678
3107,L50286,0,1,0.5198918395888027,0,0.3223289
3118,M17977,0,0,0.11865217171940227,0,0.0028251708
3119,M17978,0,0,0.19352533399895994,0,0.00720538
3128,L50307,0,0,0.05780978078677573,0,0.0060627377
3129,M17988,0,0,0.1094191386790713,0,0.0031211404
3131,L50310,0,0,0.04855970155244479,0,0.0060627377
3133,L50312,0,0,0.2439146916102264,0,0.0040158182
3145,M18004,0,0,0.05392285170958991,0,0.006618521
3150,H32563,0,0,0.06772692354283386,0,0.004424482
3151,L50330,0,0,0.0693369605171895,0,0.0076406114
3159,L50338,0,0,0.20720051107408236,0,0.0090536
3164,L50343,0,0,0.409282585462466,0,0.013784957
3171,M18030,0,0,0.3098460609417681,0,0.008013923
3177,L50356,0,1,0.6455343671919409,0,0.028942619
3182,L50361,0,0,0.42959595592744027,0,0.007197378
3186,L50365,0,0,0.2625399462790925,0,0.13428548
3195,L50374,0,1,0.5257685237636384,0,0.011660976
3202,L50381,0,0,0.39654355921108037,0,0.007130912
3219,L50398,0,1,0.7672504269292266,0,0.03417606
3222,L50401,0,1,0.5480313593897149,0,0.035470895
3225,M18084,0,0,0.08000137809303247,0,0.0039225086
3230,L50409,0,0,0.35955636449841183,0,0.015258126
3233,L50412,0,0,0.4550220161921826,0,0.0037311953
3235,L50414,0,0,0.28382876674514856,0,0.004685457
3249,M18108,0,0,0.3696839683597355,0,0.006878899
3252,L50431,0,0,0.3484461142681265,0,0.007696973
3253,L50432,0,0,0.4115872304386213,0,0.0122178085
3256,L50435,0,1,0.7025383841203041,0,0.007325774
3257,L50436,0,1,0.5910508137724682,0,0.011934551
3258,L50437,0,1,0.5178320354779647,0,0.026243772
3265,H32678,0,1,0.64122515227948,0,0.011947721
3268,L50447,0,1,0.8231996091804572,0,0.007991706
3272,M18131,0,1,0.592049595116291,0,0.3061539
3296,L50475,0,0,0.30981920360693294,0,0.00529682
3303,L50482,0,1,0.6650234326081084,0,0.023780493
3304,L50483,0,0,0.48467425465523956,0,0.03955482
3308,M18167,0,0,0.25853633128464293,0,0.004975164
3310,L50489,0,1,0.5517714577701149,0,0.04333239
3312,L50491,0,0,0.4214556393795733,0,0.008570246
3319,L50498,0,1,0.7248311832458797,0,0.04528643
3321,L50500,0,1,0.767136906094397,0,0.04795706
3322,L50501,0,0,0.4273043277631058,0,0.0071719056
3329,L50508,0,0,0.4257826077975179,0,0.020407787
3346,L50525,0,0,0.3236233249043951,0,0.0081690615
3347,L50526,0,0,0.18767730310639444,0,0.014951173
3374,L50553,0,0,0.06611684780382364,0,0.0050044544
3377,M18236,0,0,0.14078608702797313,0,0.03525992
3383,L50562,0,0,0.1098865012936121,0,0.006408884
3387,H32800,0,0,0.06323094451969459,0,0.0045813015
3393,L50572,0,0,0.3947127089852988,0,0.043900006
3407,L50586,0,0,0.4539489640872227,0,0.00616009
3410,M18269,0,0,0.14896608034895445,0,0.008281873
3413,L50592,0,1,0.8114529079981911,0,0.08275875
3418,L50597,0,0,0.33229876231545913,0,0.00548192
3421,L50600,0,0,0.2714206560404426,0,0.014071147
3425,L50604,0,0,0.2849821347407188,0,0.0071578193
3426,M18285,0,0,0.28382534117387,0,0.00766045
3428,L50607,0,0,0.31959201127169157,0,0.009626667
3437,L50616,0,1,0.8779291860925823,0,0.02797644
3439,L50618,0,0,0.383595878659618,0,0.010850106
3447,H32860,0,1,0.8195351997440501,1,0.72940046
3451,L50630,0,1,0.8428990787981729,0,0.1942549
3452,L50631,0,0,0.1557446866482879,0,0.009429125
3454,L50633,0,1,0.6713126742104919,0,0.04740692
3456,H32869,0,0,0.2643831427903556,0,0.003037067
3457,H32870,0,0,0.14877893543856682,0,0.0032547368
3460,L50639,0,0,0.3639225553527526,0,0.046164915
3464,L50643,0,0,0.10938287140851083,0,0.0086554345
3469,L50648,0,0,0.29175598367148015,0,0.014887602
3473,L50652,0,0,0.4310487217799092,0,0.0061842566
3475,M18334,0,0,0.09433374864382012,0,0.008547704
3478,L50657,0,0,0.4329683671264085,0,0.0067029744
3500,L50679,0,0,0.26970772197718906,0,0.32593086
3501,H32914,0,0,0.31930676935067576,0,0.0024855505
3503,M18362,0,0,0.23538171563860802,1,0.7424384
3504,L50683,0,1,0.8091802601647677,0,0.073479384
3511,L50690,0,1,0.5384425883150173,0,0.0047245314
3514,M18373,0,1,0.8469514484609219,0,0.048496358
3516,M18375,0,1,0.6495273292920649,0,0.007944271
3520,M18379,0,0,0.22470456909016087,0,0.01894999
3524,L50703,0,1,0.6059327612878604,0,0.012238566
3528,M18387,0,1,0.6500665325528205,1,0.6996152
3532,M18391,0,0,0.05292162104708591,0,0.013696381
3537,L50716,0,0,0.11320829285149929,0,0.0028464305
3538,M18397,0,0,0.09836017565745328,0,0.0047909794
3539,L50718,0,0,0.1661167904146853,0,0.0022773382
3548,M18407,0,0,0.3740295404770033,0,0.014950968
3552,L50731,0,0,0.08467440954376096,0,0.010648662
3558,M18417,0,0,0.0642695445225603,1,0.5519074
3562,L50741,0,0,0.175755936723306,0,0.0075066513
3571,H32984,0,0,0.45370650928543643,0,0.08303554
3572,M18431,0,0,0.09318237156474475,0,0.013797985
3576,L50755,0,0,0.48573005270036235,0,0.006844844
3583,L50762,0,1,0.7807348183643754,0,0.09773699
3593,H33006,0,0,0.41475928230004444,1,0.7679316
3594,M18453,0,0,0.4218280587809378,1,0.78331
3597,L50776,0,1,0.7800767554620549,1,0.8608486
3598,M18457,0,1,0.5713883371499745,0,0.008352212
3604,L50783,0,1,0.6801376195928961,0,0.009440489
3618,L50797,0,0,0.17844858462973567,0,0.0025906786
3619,L50798,0,0,0.24224035231486088,0,0.017579716
3637,L50816,0,0,0.39107254279069115,0,0.01838337
3641,H33054,0,0,0.1636404459541583,0,0.0019115292
3644,L50823,0,0,0.1319813169461801,0,0.0023706553
3649,M18508,0,0,0.3726077580208179,0,0.024034789
3652,L50831,0,0,0.36670616183301397,0,0.023399258
3656,L50835,0,0,0.19983378387521394,0,0.0046751546
3660,M18519,0,0,0.06499097415482849,0,0.0024370525
3667,M18526,0,0,0.4951822741461136,0,0.0025626034
3669,L50848,0,0,0.31088092439358533,0,0.00328933
3672,M18531,0,0,0.232946639556829,0,0.0043310514
3679,L50858,0,0,0.24005880015269418,0,0.0047303378
3682,M18541,0,1,0.5822587425948608,0,0.024027916
3683,L50862,0,0,0.34868280831444404,0,0.0069661634
3684,M18543,0,0,0.4894433039563862,0,0.009713255
3687,L50866,0,1,0.8693133580603307,0,0.050402716
3689,L50868,0,1,0.707962393514307,0,0.060996927
3696,L50875,1,1,0.5487331824351427,1,0.5064463
3700,L50879,0,0,0.09572879820695171,0,0.0021772678
3713,L50892,0,0,0.045764447083940625,0,0.0025747102
3717,L50896,0,0,0.08470581395850253,0,0.0020453248
3719,L50898,0,0,0.29217280268992074,0,0.0042403103
3723,L50902,0,0,0.21352537358444748,0,0.0042060288
3725,M18584,0,1,0.5809884744292035,0,0.013740711
3726,H33139,0,0,0.16010298352985533,0,0.0020652185
3728,L50907,0,0,0.11831622408539136,0,0.0023706553
3730,M18589,0,1,0.8789806661516929,1,0.66167235
3734,L50913,0,0,0.24093667954669415,0,0.0022751095
3744,L50923,0,0,0.1678385735052136,0,0.002803528
3755,L50934,0,1,0.6188735264839037,0,0.018363547
3763,M18622,0,0,0.41136082550362024,0,0.0061777686
3764,L50943,0,1,0.8397277702238432,0,0.076957196
3766,M18625,0,1,0.9114863558128844,0,0.041534964
3767,L50946,0,1,0.914167328913274,1,0.6835519
3772,M18631,0,1,0.8096193314271385,0,0.13364589
3778,M18637,0,1,0.5536757278290021,0,0.22809322
3786,L50965,0,0,0.12570671599726005,0,0.018469887
3787,L50966,0,0,0.17726852644958413,0,0.017709933
3793,L50972,0,0,0.04833872219799063,0,0.015366294
3795,M18654,0,0,0.23347992213495494,1,0.9569464
3802,M18661,0,0,0.11626235684002423,0,0.011186187
3805,L50984,0,0,0.09203662127537227,0,0.016067525
3807,M18666,1,0,0.1471734234848882,1,0.8932139
3808,M18667,0,0,0.1129350999456415,0,0.0032824336
3813,L50992,0,1,0.6601419412227604,0,0.2508438
3815,M18674,1,1,0.8694644363776178,1,0.95128113
3821,L51000,0,0,0.3148194943684047,0,0.08990004
3831,L51010,0,0,0.39920041180442994,0,0.01434816
3834,M18693,0,0,0.2978397542848136,0,0.004497396
3837,L51016,0,1,0.6648381231176923,0,0.004132272
3840,M18699,0,0,0.26021771608763994,0,0.005319681
3844,L51023,0,1,0.9295213839988948,1,0.6116137
3852,H33265,0,1,0.7902394482534876,0,0.27646735
3857,M18716,0,1,0.9573540467439704,1,0.8178268
3859,L51038,0,1,0.6804960093171196,0,0.45678112
3860,L51039,0,1,0.7364198108393099,0,0.39421654
3863,H33276,0,1,0.7705839033043036,0,0.10876696
3867,L51046,0,0,0.31526517707446505,1,0.8960695
3874,L51053,0,0,0.1268403913964535,0,0.006827543
3877,L51056,0,0,0.060373855066798876,0,0.00465255
3887,L51066,0,1,0.5279340623974301,0,0.04473334
3896,M18755,0,0,0.24336929499634494,0,0.0023874184
3903,L51082,0,0,0.29766301851929233,0,0.0024140382
3909,L51088,0,0,0.4696796257900767,0,0.0026439491
3910,H33323,0,0,0.25951112547321553,0,0.0022819138
3911,L51090,0,0,0.37971775485424936,0,0.002803528
3913,L51092,0,0,0.35736308357531715,0,0.003319418
3917,L51096,0,0,0.18555105579347533,0,0.016729606
3927,L51106,0,1,0.5548638438575282,0,0.009896891
3936,M18795,1,1,0.9834752416809244,1,0.98965454
3941,L51120,0,1,0.9405306784427153,0,0.13289322
3945,L51124,0,1,0.8529176584179694,1,0.8265723
3947,M18806,0,0,0.03459884203773478,0,0.0032004504
3950,L51129,0,0,0.3402580562015963,0,0.11599841
3952,M18811,0,0,0.028098047277662224,0,0.0021323997
3956,L51135,0,0,0.46618935548709517,0,0.017789995
3965,M18824,0,0,0.10070335225600131,0,0.0029294728
3967,L51146,0,0,0.14300520255650156,0,0.0028278371
3970,L51149,0,0,0.16359267961609883,0,0.0028290139
3975,L51154,0,0,0.1653718583304154,0,0.0029039765
3978,M18837,0,0,0.10011339454117107,0,0.0023945747
3990,L51169,0,0,0.20219141443982955,0,0.0024616215
3992,L51171,0,0,0.48992961899327964,0,0.0042784135
4002,H33415,0,0,0.42974892706417556,0,0.0032638547
4014,M18873,0,1,0.6503405330668628,0,0.0085786935
4016,L51195,0,1,0.6468385311274634,0,0.021990046
4027,M18886,0,0,0.4142390937861026,0,0.4428715
4029,L51208,0,1,0.7728584776571809,1,0.50608844
4032,L51211,0,1,0.7743457983575289,0,0.44525138
4035,L51214,1,0,0.40925773825482026,1,0.7397639
4036,L51215,0,0,0.036933898123250916,0,0.016720915
4051,L51230,0,0,0.3664338406059824,0,0.018976651
4060,L51239,0,0,0.3482754569977868,0,0.015715344
4061,M18920,0,1,0.6341464048715655,1,0.96930623
4065,L51244,0,1,0.6036037577629509,0,0.044155158
4079,H33492,1,1,0.9220007950483026,1,0.9253342
4081,L51260,1,1,0.9393337330393554,1,0.9685348
4082,L51261,1,1,0.9317634476866389,1,0.9645342
4084,M18943,0,0,0.3062596752884388,0,0.010078634
4086,H33499,0,0,0.21580965309710629,0,0.0061675278
4100,L51279,0,1,0.865427858496517,0,0.06921236
4101,L51280,0,1,0.5620618644996818,0,0.018982876
4107,L51286,0,1,0.9199063875242102,0,0.2250954
4112,M18971,0,1,0.7365618893913799,0,0.014206892
4114,L51293,0,1,0.9402458765490963,1,0.9605222
4121,M18980,1,1,0.7047544129502721,1,0.9467119
4123,L51302,0,0,0.23860159138808215,0,0.010029887
4127,M18986,0,0,0.08526881489660797,0,0.0074728564
4131,L51310,1,1,0.8765796313860976,1,0.92414904
4133,M18992,0,1,0.5620672286849164,0,0.09118491
4135,L51314,0,0,0.0963129537599418,0,0.011569252
4137,L51316,0,1,0.6436722683841892,0,0.032026958
4142,H33555,0,0,0.09385866289027261,0,0.0050522983
4144,L51323,0,0,0.2632275387157815,0,0.0064160204
4157,M19016,0,0,0.17794769488833498,0,0.008444381
4161,M19020,0,0,0.19039143485169227,0,0.0074520395
4171,M19030,1,1,0.7217425522770546,1,0.94819766
4177,M19036,0,1,0.5342835432448447,0,0.011824364
4180,L51359,1,1,0.5719782403357448,1,0.9680167
4193,M19052,0,1,0.6567085734610015,0,0.0043984856
4197,M19056,0,0,0.4817003577332554,0,0.00623595
4202,L51381,0,1,0.8610532133834956,0,0.4731345
4213,M19072,0,1,0.8479747981686975,1,0.9241177
4223,M19082,0,0,0.13656485800221568,0,0.009180767
4224,L51403,0,0,0.1341560417650725,0,0.0075342087
4232,L51411,0,0,0.31978465157011976,1,0.9621441
4242,L51421,0,1,0.7129299898889132,0,0.017924404
4244,M19103,0,0,0.24188199204829652,0,0.072147466
4251,L51430,0,1,0.679501982680569,0,0.007919406
4256,M19115,0,1,0.7689511749447032,0,0.069393635
4259,M19118,1,1,0.9322879172480315,1,0.88671094
4265,M19124,0,1,0.5339826196524831,0,0.008348954
4271,L51450,1,1,0.8572831497366157,1,0.971849
4272,L51451,0,1,0.6548751267644086,0,0.022433402
4275,L51454,0,1,0.5633745078639297,0,0.056769393
4284,M19143,1,1,0.9822735555682358,1,0.9624755
4288,M19147,0,1,0.5015504378790673,0,0.006652749
4289,M19148,0,1,0.8877434083986093,0,0.09552032
4292,L51471,0,1,0.7813977414707979,0,0.15744172
4297,L51476,1,1,0.9966060094757409,1,0.9404423
4298,M19157,0,1,0.6075788330302653,0,0.44071653
4306,L51485,0,0,0.04782977569824226,0,0.011971027
4308,L51487,1,1,0.8709498144208261,1,0.5608093
4313,L51492,0,0,0.3763188526631155,0,0.04863425
4316,M19175,0,0,0.060240939681991616,0,0.006825551
4320,M19179,0,0,0.22737746542344278,0,0.123763226
4325,L51504,0,0,0.42671608303246533,0,0.006786145
4328,H33741,0,0,0.09769266426489202,0,0.0063745733
4330,L51509,0,0,0.0891057519933799,0,0.007217137
4331,L51510,0,0,0.3976090626804984,0,0.0076661394
4333,M19192,0,0,0.2842492335864476,0,0.009009702
4338,L51517,0,0,0.49532868719258,0,0.028324911
4340,L51519,0,1,0.8449089114025595,0,0.037309535
4343,M19202,1,1,0.9865876206008776,1,0.9851952
4350,L51529,0,0,0.3691008370651985,0,0.004731503
4352,L51531,0,1,0.7147735772087755,0,0.01595391
4358,L51537,0,1,0.95294337933658,0,0.3798243
4361,L51540,0,1,0.5713657793609976,0,0.017159007
4364,H33777,0,1,0.5258743835257707,0,0.010216868
4368,H33781,0,1,0.7195483474506655,0,0.035709325
4375,L51554,0,1,0.7209473871269966,1,0.5375335
4380,M19239,0,1,0.7776462494304218,0,0.4667076
4382,L51561,0,1,0.9001077911550017,0,0.43484718
4385,L51564,0,1,0.8851146313538716,0,0.4345406
4393,L51572,0,0,0.4452506649848373,0,0.035478115
4395,L51574,0,1,0.7376171315099572,0,0.04819501
4404,L51583,0,1,0.6895882047671165,0,0.360151
4405,M19264,0,1,0.5830290840654371,0,0.04958836
4414,M19273,0,1,0.5319509103312631,0,0.32505208
4428,M19287,1,1,0.710123484908683,1,0.9451051
4430,M19289,0,1,0.627166924942473,0,0.007492124
4432,H33845,0,1,0.9465380740330284,0,0.18392606
4438,L51617,0,0,0.34625304300641163,0,0.009324528
4450,M19309,1,1,0.9426828169319622,1,0.96099216
4451,L51630,0,1,0.7247473284502378,0,0.017884457
4454,L51633,0,1,0.9720321279366416,0,0.33035496
4455,L51634,0,1,0.9236143231858481,0,0.28271073
4459,L51638,0,1,0.9550243242650992,0,0.081566505
4462,L51641,0,1,0.6582584472466597,0,0.018969871
4467,L51646,0,1,0.8353453694459964,1,0.60788715
4472,L51651,0,0,0.1101526807421326,0,0.061806895
4475,L51654,0,0,0.16504477492582253,0,0.0122163985
4488,L51667,0,0,0.10155417736305294,0,0.056919597
4489,M19348,0,0,0.1719873534994305,0,0.011769504
4496,L51675,1,1,0.9273955416288571,1,0.97647774
4503,L51682,0,0,0.19632554116684373,0,0.010598463
4509,L51688,0,1,0.7811504592776416,0,0.2768549
4526,M19385,0,1,0.5682281219749936,0,0.01069623
4539,L51718,0,1,0.7557938031308119,0,0.025608078
4543,M19402,0,0,0.4453280899705251,0,0.011344565
4544,M19403,0,1,0.7652482055977703,0,0.017317183
4545,L51724,1,1,0.9701669299483153,1,0.9759351
4547,M19406,0,1,0.7275178176325208,0,0.04616973
4566,H33979,1,0,0.48415733530890004,1,0.960048
4567,L51746,0,1,0.667293514963531,0,0.29185018
4576,M19435,0,1,0.6646390047699312,0,0.1433302
4577,M19436,0,0,0.19363901173100564,0,0.0067691933
4578,L51757,0,0,0.15908886499349384,0,0.0039076824
4585,L51764,0,0,0.13199377989179836,0,0.0048660594
4588,M19447,0,0,0.08869955922323115,0,0.007214138
4589,L51768,0,0,0.48570950971561255,0,0.0077827084
4592,H34005,0,0,0.4144092247487395,0,0.005829856
4601,L51780,1,0,0.4837712167873422,1,0.9075246
4602,M19461,1,1,0.8768557544343949,1,0.9664355
4605,L51784,0,0,0.4318050879571883,0,0.0057531754
4611,L51790,0,1,0.7002603145618062,0,0.21188876
4615,H34028,0,0,0.365792832673011,0,0.013398887
4618,M19477,0,0,0.3423633628914049,0,0.009687695
4619,M19478,1,1,0.8710995846037954,1,0.964189
4620,H34033,0,1,0.6885805657538868,0,0.0070337784
4626,L51805,0,1,0.9251643302498722,0,0.06039448
4627,L51806,0,1,0.547188733264082,0,0.010004574
4628,M19487,0,1,0.7769648230926579,0,0.00825042
4629,M19488,0,1,0.7092588974835768,0,0.007837532
4631,L51810,0,0,0.407919175690122,0,0.008019474
4633,M19492,1,1,0.9143443705326054,1,0.8824694
4637,L51816,0,1,0.8462181861283848,0,0.22461769
4642,H34055,0,1,0.8416395229217611,0,0.1854342
4651,L51830,0,0,0.11711089480939667,0,0.0056543746
4653,L51832,0,1,0.8064999351668776,0,0.1334346
4662,L51841,1,0,0.42068148925189364,1,0.9722935
4668,H34081,0,0,0.12458123666035037,0,0.0046718344
4672,L51851,0,1,0.6116833142976364,0,0.011798874
4674,L51853,0,0,0.21272552538536904,0,0.0142250005
4677,L51856,0,0,0.24071751448815176,0,0.0046529653
4680,L51859,0,0,0.36329397220633886,0,0.0062767663
4693,M19552,0,0,0.17481778459512695,0,0.005547588
4696,L51875,0,0,0.290802953087523,0,0.011919424
4697,L51876,0,1,0.5702610319355491,0,0.031366643
4698,M19557,0,0,0.325958552345783,0,0.0055933003
4699,L51878,0,1,0.8172332815259878,0,0.007489189
4700,L51879,0,1,0.7934247567454479,0,0.23512918
4701,L51880,0,0,0.3723522489230009,0,0.0048502153
4702,H34115,0,0,0.2891198597776934,0,0.0034075172
4705,L51884,0,0,0.41096060515083377,0,0.010350743
4721,M19580,1,1,0.5513363614331772,1,0.8773094
4728,M19587,1,1,0.7205977857971193,1,0.9668074
4736,L51915,0,1,0.9290830008848255,0,0.2002718
4744,L51923,0,1,0.7140761657344177,0,0.21225812
4755,M19614,0,1,0.7683636797156927,1,0.5134985
4756,L51935,1,0,0.4838745808648734,1,0.95633256
4759,L51938,0,1,0.7739288872960014,0,0.054042786
4761,L51940,0,0,0.40556699603738994,0,0.00688046
4766,L51945,0,0,0.2949361999777315,0,0.004523456
4767,M19626,0,0,0.3564236710552574,0,0.0062588924
4776,L51955,0,0,0.23893254018608953,0,0.0037823408
4779,H34192,1,1,0.8281720343675157,0,0.2621429
4787,L51966,0,1,0.7235584188884308,0,0.0029337003
4788,L51967,0,0,0.46054312782438733,0,0.011150174
4791,L51970,0,0,0.3822149824153876,0,0.025942417
4795,L51974,0,0,0.2863114433775739,0,0.0030675903
4807,H34220,0,1,0.9018841071609789,0,0.07523756
4811,M19670,0,1,0.5520075891964565,0,0.012339604
4823,L52002,0,0,0.25661898911461883,0,0.006583675
4838,H34251,0,0,0.17108956332116473,0,0.0033609294
4839,H34252,0,0,0.06894234694472791,0,0.004008153
4850,M19709,0,0,0.3720577404035487,0,0.013914249
4852,L52031,1,1,0.7627126362685458,0,0.4654914
4862,L52041,0,0,0.33786569763027197,0,0.002476399
4866,M19725,0,0,0.30889908546453615,0,0.002382269
4867,L52046,0,0,0.43580470151964207,0,0.0017065915
4872,L52051,0,1,0.5382494537898685,0,0.0033266796
4874,M19733,0,0,0.28075834079506307,0,0.00355935
4878,M19737,0,0,0.20736577818274554,0,0.0040980643
4888,L52067,0,0,0.22591303206298585,0,0.0055477726
4892,M19751,0,0,0.38998358958790963,0,0.0030688432
4900,L52079,0,1,0.8974992396164226,0,0.19975871
4903,L52082,0,0,0.44311295590047217,0,0.45765203
4905,H34318,0,1,0.5061641986509219,0,0.00729052
4913,L52092,0,0,0.11321630276679061,0,0.00415416
4934,H34347,0,0,0.1835762430683272,0,0.002135646
4951,M19810,0,0,0.19488900018427313,0,0.00266317
4961,L52140,0,1,0.9825240630707444,1,0.74677217
4964,L52143,0,0,0.33894249066319465,0,0.0026268123
4967,L52146,0,1,0.5858059830739648,0,0.0026268123
4968,L52147,0,1,0.9536964131975352,0,0.032317642
4969,M19828,0,1,0.6561636633766613,0,0.004883352
4981,M19840,0,0,0.4823761420815665,0,0.034197465
4986,M19845,0,0,0.27234318018014,0,0.07323227
4992,M19851,0,0,0.07904381626327373,0,0.0031433576
4995,M19854,0,0,0.027344193431042413,0,0.0017666396
5013,M19872,0,0,0.16318592858701478,0,0.0017104205
5016,L52195,0,0,0.19024732948319156,0,0.0015903603
5019,M19878,0,0,0.2329227146758705,0,0.0019557134
5020,M19879,0,0,0.12769385589175164,0,0.0027440574
5024,M19883,0,0,0.13303653119001047,0,0.002887028
5026,M19885,0,0,0.2763489522516434,0,0.0028231845
5031,M19890,0,1,0.5470310295149261,0,0.03504229
5035,M19894,0,0,0.34208461556050235,0,0.0037372643
5040,H34453,0,0,0.2969534362087108,0,0.0016648109
5041,H34454,0,0,0.2329593125320207,0,0.0019525022
5042,L52221,0,0,0.41444921118504074,0,0.09233613
5045,L52224,0,1,0.7021120020379858,0,0.032604285
5047,M19906,0,0,0.3140693611973174,0,0.011293322
5057,M19916,0,1,0.9311369757085386,0,0.032749698
5069,M19928,0,0,0.10281417134820497,0,0.0020732947
5073,L52252,0,0,0.23282227093561006,0,0.029179972
5079,M19938,0,0,0.21634937571024476,0,0.0028801563
5084,L52263,0,1,0.6115283802961693,0,0.092101075
5087,L52266,0,1,0.6503341322816387,0,0.007335191
5088,M19947,0,0,0.06379428120974842,0,0.0027284669
5091,M19950,0,0,0.2821894416451671,0,0.0023016199
5092,L52271,0,0,0.31415625258208746,0,0.106468
5096,M19955,0,0,0.0859034247662638,0,0.008221213
5097,H34510,0,0,0.10108274227101131,0,0.001307662
5107,L52286,0,0,0.2091949784662532,0,0.0034916257
5111,M19970,0,0,0.0893828525480227,0,0.0018380118
5114,L52293,0,0,0.45748460058297674,0,0.04815033
5120,L52299,0,1,0.5574470683016918,0,0.032131173
5122,L52301,0,0,0.3573829095186238,0,0.004520363
5125,M19984,0,0,0.34560568285710797,0,0.0042243586
5127,L52306,0,0,0.3733131718837067,0,0.0027873907
5130,M19989,0,0,0.2811194201137321,0,0.003402119
5131,L52310,0,1,0.7078329775865176,0,0.006729239
5143,L52322,0,0,0.14665847247113623,0,0.003467725
5148,L52327,0,0,0.14546022763267097,0,0.0035192708
5149,L52328,0,0,0.22995475015937192,0,0.004532466
5150,L52329,0,0,0.10938281000793693,0,0.004596893
5165,M20024,0,0,0.07078939781564185,0,0.0015955423
5170,L52349,0,0,0.17123190271539476,0,0.0027180575
5172,M20031,0,1,0.546972761286352,0,0.08714569
5183,L52362,0,0,0.1317538323689271,0,0.0018460987
5185,L52364,0,0,0.2823485181394484,0,0.010472465
5196,L52375,0,0,0.3708822220065879,0,0.0028412016
5203,L52382,0,1,0.7673170855782053,0,0.10003198
5207,H34620,0,0,0.2470167702986945,0,0.0022801883
5208,M20067,0,1,0.5298239058379247,0,0.0056783343
5210,M20069,0,0,0.4247951536220515,0,0.007004635
5212,L52391,0,1,0.9616067748562015,0,0.03211707
5215,L52394,0,1,0.632473054740481,0,0.0043927557
5219,L52398,0,1,0.6850097879610411,0,0.043634214
5226,M20085,0,1,0.5362084269185402,0,0.033481747
5245,L52424,0,0,0.055601868376861346,0,0.0017203833
5256,M20115,0,1,0.5019115733839495,0,0.02793593
5269,L52448,0,1,0.7844775021926003,0,0.040758144
5271,L52450,0,1,0.9435775268699466,1,0.8182275
5283,H34696,0,1,0.7038336437263362,0,0.06277528
5287,L52466,0,0,0.39462971556069554,0,0.010835531
5291,L52470,0,1,0.5605436761554382,0,0.004079118
5292,L52471,0,1,0.854386657122037,0,0.03504125
5296,L52475,0,1,0.571293126112555,0,0.11381302
5303,L52482,0,0,0.4145396704248129,0,0.015579587
5306,H34719,0,0,0.2783776590661395,0,0.013954366
5308,L52487,0,0,0.3991299882060758,0,0.40763903
5314,M20173,0,0,0.02358754781435266,0,0.001852555
5324,M20183,0,0,0.21559612650958568,0,0.035242934
5325,M20184,0,0,0.012831699873686101,0,0.0027084358
5326,L52505,0,0,0.0521270776851351,0,0.001857546
5329,M20188,0,0,0.07630338932219959,0,0.009512223
5346,L52525,0,0,0.2792709550688662,0,0.002317879
5347,L52526,0,0,0.14590040032930124,0,0.0032309394
5351,M20210,0,0,0.19048372799076804,0,0.002382269
5357,H34770,0,0,0.12724047994276183,0,0.009104836
5358,L52537,0,0,0.3354283141210898,0,0.002526542
5364,L52543,0,0,0.44346979235886475,0,0.005293216
5366,L52545,0,0,0.2893941721115423,0,0.003850499
5368,M20227,0,0,0.19348975038392674,0,0.0028820743
5376,L52555,0,0,0.2920159349778245,0,0.00471957
5378,L52557,0,1,0.5285016947391711,0,0.0040530674
5384,L52563,0,1,0.581588714007243,0,0.13340119
5392,L52571,0,0,0.47061937542381016,1,0.59095174
5400,H34813,1,1,0.9367849077392907,1,0.86033195
5404,L52583,0,0,0.06396354462531773,0,0.0014546583
5407,L52586,0,0,0.11604455964848145,0,0.0855357
5418,L52597,0,0,0.12070873335184798,0,0.022341643
5423,M20282,0,0,0.10164860785352055,0,0.01865666
5424,L52603,0,0,0.070603024644801,0,0.0015077803
5425,L52604,0,0,0.14667157515425044,0,0.12564605
5428,L52607,0,1,0.5543290730397495,0,0.021714237
5434,L52613,0,1,0.5384181112218487,0,0.0059744115
5437,M20296,0,0,0.07693909915169508,0,0.0025639578
5449,L52628,0,0,0.43194821631704183,0,0.0027565395
5453,M20312,0,0,0.11826217738561176,0,0.0026398443
5454,L52633,0,0,0.29210252450901025,0,0.004873255
5468,L52647,0,1,0.7767402668300522,0,0.034499492
5478,L52657,0,0,0.3319450694741663,0,0.0030684422
5479,L52658,0,0,0.404934614961337,0,0.003117823
5483,L52662,0,0,0.41444552951224567,0,0.0028752186
5484,M20343,0,1,0.5314684140600162,0,0.0042738556
5486,L52665,0,1,0.7993611302599825,1,0.6334229
5490,L52669,0,0,0.29875177908589373,1,0.6290622
5497,M20356,0,0,0.06679413057565588,0,0.0020055664
5500,H34913,0,0,0.21863260961817257,0,0.014099932
5504,H34917,0,0,0.029216590617344766,0,0.0032878486
5506,L52685,0,0,0.0735374784761022,0,0.0014026352
5523,L52702,0,0,0.12845221232884269,0,0.013460757
5524,M20383,0,0,0.05768712673684162,0,0.002934579
5528,M20387,0,0,0.16494535337386707,0,0.002943434
5535,M20394,0,0,0.10326701809070182,0,0.0023584554
5540,H34953,0,0,0.16119441543077243,0,0.0024216499
5542,L52721,0,0,0.31411433059901067,0,0.012022283
5544,L52723,0,1,0.8323727239019675,0,0.4030398
5548,M20407,0,0,0.03857725582625521,0,0.024896039
5550,H34963,0,1,0.6752792939486298,1,0.58873224
5554,L52733,0,1,0.9384159367518581,0,0.45322514
5560,M20419,0,0,0.4586630799595126,0,0.006129325
5564,M20423,0,0,0.2769078244976659,0,0.0047617755
5568,M20427,0,1,0.5009261981106986,0,0.039622303
5569,L52748,0,0,0.0683968457575148,0,0.0015932256
5575,L52754,0,0,0.10800169945586811,0,0.3962587
5583,L52762,0,0,0.14144377503597427,0,0.0028650695
5591,M20450,0,1,0.7307601501897987,0,0.40472645
5592,L52771,0,0,0.07683368066979782,0,0.002041584
5595,L52774,0,0,0.16862564399222144,0,0.0058838767
5597,M20456,0,0,0.09356917542343995,0,0.0055355295
5601,L52780,0,0,0.10177909628472363,0,0.0020707105
5621,L52800,0,0,0.3557496401039055,0,0.0025557312
5624,L52803,0,0,0.33491079206981184,0,0.0023786046
5634,L52813,0,1,0.7294827473638483,0,0.019163541
5638,M20497,0,1,0.6648067709493319,0,0.013523513
5641,L52820,0,1,0.8730348850494278,0,0.024047347
5643,L52822,0,0,0.40661415004601237,0,0.00498797
5644,L52823,0,1,0.7634922999471484,0,0.0032898819
5652,M20511,0,1,0.6637145782639716,1,0.6195332
5657,M20516,0,0,0.05946892275596818,0,0.48257643
5659,M20518,0,0,0.43323335569703925,1,0.66982955
5664,M20523,0,0,0.1595947002163664,0,0.0022827163
5666,L52845,0,0,0.05131349255218359,0,0.0023734132
5671,L52850,0,0,0.20409591352476236,0,0.052557956
5674,L52853,0,1,0.5580071199496117,0,0.01025509
5680,M20539,0,0,0.4225407092599862,0,0.007835222
5693,M20552,0,1,0.5821513802747998,0,0.49353084
5696,L52875,0,0,0.27259264466762584,0,0.00552209
5700,L52879,0,0,0.30948632253471275,0,0.003078191
5701,L52880,0,0,0.38793474214282386,0,0.0034626897
5702,M20561,0,1,0.6728140951931608,1,0.588226
5704,H35117,0,0,0.42024105749845253,0,0.008818232
5706,L52885,0,0,0.3950749701859685,0,0.0061215656
5707,L52886,1,1,0.9890843359164093,1,0.9656345
5715,L52894,0,0,0.4124288893876387,0,0.0046410575
5720,L52899,0,0,0.3528221088184547,0,0.011407735
5727,M20586,0,1,0.7238578545859747,0,0.03338267
5729,M20588,0,1,0.595441486603481,0,0.050368674
5733,L52912,0,1,0.6039189030946813,0,0.20785107
5739,L52918,0,0,0.07808236072471929,0,0.36773437
5743,L52922,0,0,0.18534538387676347,0,0.03926261
5748,L52927,0,0,0.12178788775260557,0,0.002341559
5783,L52962,0,0,0.197073308077733,0,0.0037569646
5787,L52966,0,0,0.1917779252714845,0,0.003075801
5788,L52967,0,0,0.404046598749813,0,0.0026197608
5789,L52968,0,0,0.3302984970632367,0,0.010042318
5792,M20651,0,0,0.3280117854224041,0,0.002654131
5794,L52973,0,1,0.5330668870799058,0,0.004252543
5796,M20655,0,0,0.20645940486002398,0,0.0041338284
5813,L52992,0,0,0.24691229609667373,0,0.005387398
5818,L52997,0,0,0.30767466179826486,0,0.16057661
5820,L52999,0,0,0.422960946920016,0,0.18514168
5821,L53000,0,0,0.2926677931964696,0,0.17427433
5822,L53001,0,1,0.5775074908078266,1,0.62980044
5828,L53007,0,0,0.18571398438713094,0,0.0014594432
5831,M20690,0,0,0.03396165306730194,0,0.011257972
5838,M20697,0,0,0.033712258649790126,0,0.0020819542
5841,M20700,0,0,0.01296452178874533,0,0.001972806
5845,L53024,0,0,0.03575948388816597,0,0.0018170289
5849,L53028,0,0,0.45114918940364823,0,0.009904173
5853,H35266,0,0,0.020417956885427087,0,0.006165415
5857,H35270,0,0,0.08650682101700782,0,0.0037907192
5871,L53050,0,0,0.17621150912233607,0,0.010516118
5872,L53051,0,1,0.674651324098132,0,0.0050280015
5875,M20734,0,0,0.17262361901708764,0,0.0017673335
5878,L53057,0,0,0.24921174363955942,0,0.0024310332
5879,L53058,0,1,0.6661426134635509,0,0.0061838753
5884,L53063,0,0,0.18913631760823846,0,0.003005536
5897,L53076,0,1,0.7473488911569991,0,0.05956884
5898,M20757,0,0,0.3199422220279891,0,0.009968909
5908,H35321,0,1,0.5634986443789066,0,0.05772684
5912,M20771,0,1,0.6379094475312342,1,0.8927495
5929,M20788,0,0,0.061985385841457415,0,0.0053990204
5945,M20804,0,0,0.049345436870679035,0,0.006880675
5946,M20805,0,0,0.10958879189504164,0,0.029974686
5954,M20813,0,0,0.06444916349533483,0,0.007668302
5959,L53138,0,0,0.15241945309774396,0,0.008869184
5968,L53147,0,1,0.6137876193357861,0,0.031522498
5973,L53152,0,0,0.4529749984351147,0,0.05231585
5979,L53158,0,1,0.5443527088794226,0,0.051348448
5981,M20840,0,0,0.1615342655746479,0,0.012431698
5987,L53166,0,1,0.8765446484800448,0,0.11340915
5989,H35402,0,1,0.8239041603453108,1,0.8231526
5997,M20856,0,1,0.6488039263723479,1,0.84859717
6001,H35414,0,0,0.03580966917663984,0,0.011064612
6006,L53185,0,0,0.07218102324976812,0,0.0060886536
6013,H35426,0,0,0.050315171765848044,0,0.0119295595
6015,H35428,0,0,0.02653509171146717,0,0.004028531
6016,M20875,0,0,0.03845943070783096,0,0.006012925
6021,L53200,0,0,0.07728212418387599,0,0.0050090034
6023,L53202,0,0,0.08580378366271303,0,0.0059082173
6030,M20889,0,0,0.24049499331513033,0,0.026938451
6033,L53212,0,0,0.07230704484271283,0,0.007613021
6036,M20895,0,0,0.048981153598785,0,0.009158123
6045,M20904,0,0,0.19023429995712204,0,0.0070310375
6048,H35461,0,0,0.07366842486067447,0,0.002310228
6053,L53232,0,0,0.22637082709865639,0,0.0049542533
6054,L53233,0,0,0.2111698205296126,0,0.007506619
6058,L53237,0,0,0.282909914175578,0,0.010608043
6059,M20918,0,0,0.21564164879623143,0,0.009719407
6068,L53247,0,0,0.37776167050110443,0,0.005038814
6079,L53258,1,1,0.9425206812586113,1,0.9833245
6091,L53270,0,0,0.031552590903325295,0,0.037974294
6102,L53281,0,0,0.022999484179061176,0,0.0064813634
6112,M20971,0,0,0.07490742138713409,0,0.005864087
6113,L53292,0,0,0.08164773818918018,0,0.010906365
6117,L53296,0,0,0.17711372303162015,0,0.011398602
6122,L53301,0,0,0.048696958188465686,0,0.0020153795
6128,L53307,0,1,0.8946364352627729,1,0.8476325
6135,L53314,0,0,0.21562661616246492,0,0.0024095387
6136,L53315,0,0,0.167319482500013,0,0.043518532
6139,M20998,0,0,0.21170770876752995,0,0.011475238
6150,M21009,0,0,0.4156698296211888,0,0.01928962
6153,M21012,0,0,0.2108417262886978,0,0.004028854
6156,L53335,0,0,0.19272361809482672,0,0.0047085513
6174,L53353,0,0,0.009488620036570087,0,0.0080196
6176,L53355,0,0,0.14956188278620336,0,0.0067851488
6178,L53357,0,0,0.2210986901007189,0,0.0123701105
6181,L53360,0,0,0.1480136412454299,0,0.008077855
6183,L53362,0,0,0.017867147518453554,0,0.0062530944
6185,L53364,0,0,0.03868075214562563,0,0.0021979192
6203,L53382,0,0,0.3960264553244844,0,0.04081972
6205,M21064,0,0,0.029187811312900245,0,0.0055761407
6209,M21068,0,0,0.16829398825575445,0,0.041730728
6211,L53390,0,0,0.23626033863919688,0,0.04380732
6213,L53392,0,1,0.6679812486437896,0,0.047933377
6216,L53395,0,0,0.26341212197435393,0,0.0075042495
6221,L53400,0,1,0.6694144682962068,0,0.01794781
6228,L53407,0,0,0.1867366310443162,0,0.0077801165
6233,L53412,0,0,0.0886248579137593,0,0.0057148687
6237,M21096,0,0,0.16046238508344446,0,0.0097387945
6239,L53418,0,1,0.9377207807427598,0,0.1987366
6246,L53425,0,0,0.4165961699213355,0,0.027564794
6248,L53427,0,1,0.8002763789057121,0,0.028235996
6251,L53430,0,0,0.41908065012779466,0,0.012227636
6252,M21111,0,0,0.4242606721885602,0,0.007841486
6262,L53441,0,0,0.18599359271534652,0,0.040293224
6267,L53446,0,0,0.11018454094315576,0,0.07535554
6277,L53456,0,1,0.7755547641079745,1,0.8379214
6280,L53459,0,1,0.7037237282560723,0,0.048288375
6281,M21140,0,0,0.13467567815440115,0,0.006092253
6284,L53463,0,0,0.0982282524826721,0,0.0054681255
6289,L53468,0,0,0.31710264380549547,0,0.055089634
6293,L53472,0,0,0.08674970324387161,0,0.0049143913
6296,H35709,0,0,0.058438946498654304,0,0.006370926
6300,L53479,0,0,0.493964689545954,0,0.04507481
6303,L53482,0,1,0.7402770765322143,0,0.042623784
6307,L53486,0,0,0.1640177994805569,0,0.0068442635
6312,L53491,0,0,0.4549027941836645,0,0.027328264
6317,L53496,0,0,0.23309812817417672,0,0.012257228
6324,L53503,0,0,0.4702223685516027,0,0.07986365
6344,L53523,0,0,0.025318283681033043,0,0.011390518
6348,L53527,0,0,0.10747090875382813,0,0.025112344
6349,L53528,0,0,0.030346487505291602,0,0.0058274055
6355,L53534,0,0,0.05241046302845998,0,0.0032272253
6356,L53535,0,0,0.046973075370630515,0,0.0041585853
6361,L53540,0,0,0.06284063038270116,0,0.01596871
6365,M21224,0,0,0.09255029396898223,0,0.0035399308
6368,L53547,0,0,0.052742482075451756,0,0.003558464
6370,H35783,0,0,0.04047074799474524,0,0.005708705
6371,L53550,0,0,0.14902024134812908,0,0.018863874
6382,L53561,0,0,0.14265077282650937,0,0.007384477
6388,M21247,0,0,0.12920281732308808,0,0.0045611425
6398,M21257,0,0,0.10509200487938468,0,0.0044013457
6402,M21261,0,0,0.3924616465453652,0,0.00558425
6416,L53595,0,1,0.5884979826158322,0,0.008715116
6421,L53600,0,0,0.030347046885989413,0,0.0058155465
6431,L53610,0,0,0.08811629713058221,0,0.0056358664
6433,M21292,0,0,0.14132332058656796,0,0.013294607
6435,M21294,0,0,0.03890764607066532,0,0.003793949
6439,L53618,0,0,0.022942113086573165,0,0.0074069537
6450,L53629,0,0,0.36909025658070316,0,0.009647273
6451,L53630,0,0,0.2298834442949472,0,0.0727621
6452,L53631,0,0,0.057119948764216756,0,0.009382161
6457,L53636,0,0,0.48007822098628605,0,0.04199626
6464,H35877,0,1,0.8545872260879218,0,0.34252664
6480,L53659,0,0,0.36133045315434015,0,0.025596473
6496,M21355,0,0,0.34590554004436996,0,0.0074675037
6497,L53676,0,1,0.5114319553206028,0,0.018378114
6498,L53677,1,1,0.9894739858482209,1,0.9936161
6502,M21361,0,0,0.4927786908904654,0,0.08402167
6504,M21363,0,1,0.6194143315063502,0,0.103246346
6505,M21364,0,0,0.23078971299688156,0,0.3473805
6507,H35920,0,1,0.6672777510326446,0,0.23798013
6510,L53689,0,0,0.0922026795083683,0,0.004681187
6514,L53693,0,0,0.09379605272851325,0,0.0047534583
6523,L53702,0,0,0.408258019041898,0,0.015010221
6527,L53706,0,0,0.1260019777642902,0,0.006203282
6532,H35945,0,0,0.01698567624875901,0,0.006532255
6535,L53714,0,0,0.2612681607778247,0,0.015796619
6539,L53718,0,0,0.42857277648498787,0,0.008492568
6541,M21400,1,1,0.9398080589946859,1,0.9010021
6547,M21406,0,0,0.21518352982191088,0,0.0056202817
6549,L53728,0,0,0.09451119727744874,0,0.008252843
6554,L53733,0,1,0.7569955298921409,0,0.039502706
6555,M21414,0,0,0.08934483618390329,0,0.00787794
6558,M21417,0,0,0.17949476008153617,0,0.0054999865
6559,M21418,0,0,0.28791082287421466,0,0.011037904
6564,L53743,0,0,0.3261745072454608,0,0.021765126
6565,L53744,0,0,0.4656373548350917,0,0.0107061
6566,L53745,0,0,0.37439265521543924,0,0.010553068
6573,L53752,0,1,0.9256674325508206,0,0.046613306
6574,M21433,0,0,0.3626755991972671,0,0.015575588
6576,M21435,0,1,0.6280961823073351,0,0.034297522
6584,M21443,0,0,0.4101630835606262,0,0.009659523
6587,L53766,0,1,0.7386215321343148,0,0.31880614
6591,L53770,0,0,0.04660004900969714,0,0.008623363
6598,L53777,0,0,0.3624864078058829,0,0.015592186
6602,M21461,0,0,0.11853759296190296,0,0.056357924
6613,L53792,0,1,0.9602026823701331,1,0.970439
6625,L53804,0,0,0.33456183375390053,0,0.0065758238
6631,M21490,0,1,0.5663431738386094,0,0.077672414
6640,L53819,0,1,0.5864473235337323,0,0.08765606
6643,L53822,0,0,0.16768321457878255,0,0.024574677
6646,M21505,0,0,0.29647670361790057,0,0.0060862503
6648,L53827,0,0,0.4187686860875661,0,0.021407012
6668,H36081,0,1,0.5694105074398448,0,0.006327138
6675,L53854,0,1,0.6521753139325209,1,0.56375754
6687,L53866,0,0,0.021852457415688954,0,0.0028218841
6694,M21553,0,0,0.04263648253094908,0,0.0028494613
6704,M21563,0,0,0.07547545226398074,0,0.009136941
6708,L53887,0,0,0.23252224807354277,0,0.0060788505
6713,H36126,0,0,0.07489249269557795,0,0.004778031
6715,L53894,0,1,0.8163004930347264,0,0.050156213
6720,M21579,0,0,0.12057011293880693,0,0.01778467
6728,L53907,0,0,0.17035304171930166,0,0.008252843
6730,H36143,0,0,0.2688705358078891,0,0.004991043
6731,M21590,0,0,0.20507179659676777,0,0.005876253
6741,L53920,0,1,0.9318102620766558,0,0.067851685
6743,H36156,0,0,0.12269050549727745,0,0.0040442054
6745,M21604,0,1,0.8558629838250861,0,0.40734947
6751,M21610,0,1,0.6533793484346877,0,0.0042817565
6758,L53937,0,1,0.5023358183267885,0,0.060020562
6765,L53944,0,0,0.07137498559811828,0,0.006266923
6768,L53947,0,0,0.11893429204365531,0,0.0060238247
6781,L53960,0,0,0.1528081823464444,0,0.005626969
6789,M21648,0,0,0.11484264579213858,0,0.014686967
6803,M21662,0,0,0.06121135276554738,0,0.00919999
6804,M21663,0,0,0.1050455796789623,0,0.035116367
6806,M21665,0,0,0.0900590010788038,0,0.007580914
6816,L53995,0,0,0.3295865817002593,0,0.016448023
6817,L53996,0,0,0.39627028565701383,0,0.007724336
6818,M21677,0,1,0.6365233630597278,0,0.060036566
6820,L53999,0,0,0.3167182602099383,0,0.07250942
6822,M21681,0,0,0.19065750934164347,0,0.0131711755
6839,L54018,0,1,0.6742717869956836,0,0.01229551
6841,L54020,0,0,0.14136261455562388,0,0.21481165
6846,M21705,0,0,0.016556887838578782,0,0.0013997942
6849,M21708,0,0,0.1901372591022662,0,0.0071606967
6861,L54040,0,0,0.03174151050900172,0,0.003163521
6864,L54043,0,0,0.021651703382907055,0,0.0021335273
6876,M21735,0,0,0.026944301292306478,0,0.0014148213
6885,L54064,0,0,0.09532229675811645,0,0.0024784529
6888,L54067,0,0,0.08548472455000046,0,0.0024327673
6890,H36303,0,0,0.06011697111130664,0,0.004057919
6892,L54071,0,0,0.1806258781503192,0,0.002962933
6893,L54072,0,0,0.1718551004613754,0,0.007360204
6895,L54074,0,0,0.2500115314149306,0,0.010735218
6911,L54090,0,0,0.4153198139683676,0,0.018598197
6914,L54093,0,0,0.18219145359077454,0,0.005847554
6916,L54095,0,0,0.1280730119201743,0,0.0054665804
6920,L54099,0,0,0.19810839564802393,0,0.012294809
6921,M21780,0,1,0.5068113137249253,0,0.030681426
6931,M21790,0,0,0.006529625838405748,0,0.0021317017
6932,M21791,0,0,0.025125655109310044,0,0.0014757905
6934,L54113,0,0,0.037811562675644485,0,0.002079376
6943,M21802,0,0,0.01268077508950922,0,0.0021324898
6945,M21804,0,0,0.02819640413432333,0,0.0017454978
6946,M21805,0,0,0.01438085614038584,0,0.00240677
6953,L54132,0,0,0.07761739577180493,0,0.0018543466
6955,M21814,0,0,0.364072204075438,0,0.00922911
6972,M21831,0,0,0.28452754828437465,0,0.0024438482
6980,L54159,0,1,0.8859901981303917,0,0.22546919
6982,H36395,0,0,0.06468627721202941,0,0.0020602725
6987,L54166,0,0,0.15829987175565127,0,0.007127061
7001,M21860,0,1,0.5165250047406191,0,0.027464766
7010,L54189,0,0,0.02934962289473495,0,0.0063641104
7011,M21870,0,0,0.048894125311677826,0,0.005281512
7012,L54191,1,1,0.7851632996492623,1,0.9845579
7016,L54195,0,0,0.0784108167418146,0,0.01137188
7017,L54196,0,0,0.14740125375472724,0,0.005685702
7018,M21877,0,0,0.018277830814506218,0,0.0055306805
7028,L54207,0,0,0.03167753246655195,0,0.007368441
7042,L54221,0,0,0.07465613886375973,0,0.009399154
7046,M21905,0,0,0.01918714436601831,0,0.01085308
7047,M21906,0,0,0.06427175521527925,0,0.0111101195
7052,L54231,0,0,0.21628142522554655,0,0.0093255155
7056,L54235,0,0,0.15105613539291504,0,0.012288088
7057,M21916,0,1,0.5722885915785069,0,0.032393776
7063,M21922,0,1,0.6255855017093481,0,0.033009395
7067,M21926,0,0,0.19458993127178031,0,0.010664246
7079,L54258,0,1,0.8073349345759918,1,0.5194201
7081,L54260,0,1,0.8885769656212519,0,0.22683562
7087,L54266,0,1,0.9643233580496307,1,0.9248862
7088,L54267,1,0,0.3170299555203343,1,0.57949066
7091,M21950,0,0,0.03433202791232177,0,0.005155799
7094,H36507,0,0,0.14935775286109884,0,0.03697425
7095,L54274,0,0,0.16579345716885885,0,0.027832894
7101,L54280,0,0,0.03508914418144051,0,0.004399459
7115,H36528,0,0,0.1560490344953484,0,0.0039960514
7116,M21975,0,1,0.6653752962821032,0,0.016566884
7134,M21993,0,0,0.33631148911145686,0,0.006790424
7145,M22004,0,0,0.3070692150264102,0,0.0074236696
7155,L54334,0,0,0.3160570654286059,0,0.009114899
7163,L54342,0,0,0.32492812510290203,0,0.17098004
7164,M22023,0,0,0.2494456759162633,0,0.008414267
7170,L54349,0,0,0.46992087811713973,0,0.012383808
7174,L54353,0,0,0.03260858447848923,0,0.010932511
7175,L54354,0,0,0.35840553601674946,0,0.012426875
7176,L54355,0,0,0.19971674561623057,0,0.003845341
7177,L54356,0,0,0.03101103058470163,0,0.0038463913
7178,L54357,0,0,0.20810190584006796,0,0.026695568
7181,M22040,0,0,0.01321172298238038,0,0.007186732
7188,L54367,0,0,0.47672305800638126,0,0.034586646
7193,M22052,0,0,0.06841839907149272,0,0.013904098
7200,L54379,0,0,0.16296507816361275,0,0.0067640333
7207,L54386,0,1,0.6447223434208654,0,0.010439533
7219,H36632,0,0,0.3157725348420897,0,0.044121973
7220,M22079,0,0,0.13531116824952302,0,0.0044019073
7221,L54400,0,0,0.19956221698312537,0,0.009354384
7224,L54403,0,1,0.6137346034388907,0,0.02391312
7226,M22085,0,0,0.11343919133109447,0,0.010597733
7227,L54406,0,1,0.6537435684581541,0,0.026330415
7231,L54410,0,0,0.3140625923771667,0,0.011225814
7232,L54411,0,0,0.1971851027454961,0,0.012655592
7243,H36656,0,1,0.724498600412676,0,0.024703616
7249,L54428,0,0,0.2996230937371208,0,0.039587747
7253,H36666,0,0,0.4567992916687649,0,0.11833266
7254,L54433,0,0,0.4152566216205886,1,0.50137055
7263,M22122,0,0,0.015699598795231768,0,0.005184607
7264,L54443,0,0,0.1158963059449232,0,0.04301553
7269,L54448,0,0,0.036561715049003886,0,0.0069939564
7271,L54450,0,0,0.03671062605231888,0,0.007813933
7279,H36692,0,0,0.026686182302809804,0,0.008454676
7286,M22145,0,0,0.4056087631020842,0,0.31671947
7288,M22147,0,0,0.032171561640141816,0,0.0058456445
7289,M22148,0,0,0.05870016362456425,0,0.014125907
7293,M22152,0,0,0.0754043736835897,0,0.00595605
7294,L54473,0,0,0.028130366430810228,0,0.008618505
7298,L54477,0,0,0.11397719283641285,0,0.0064085983
7306,M22165,0,0,0.04751597740715142,0,0.010710746
7310,L54489,0,0,0.39325752585399626,0,0.012509564
7311,L54490,0,0,0.09452903714159956,0,0.005422292
7313,L54492,0,1,0.6260789970137234,0,0.031173885
7314,L54493,0,0,0.05413267679574789,0,0.017886888
7319,H36732,0,0,0.3595988851600721,0,0.006895647
7325,M22184,0,0,0.14209877128826767,0,0.016947469
7327,M22186,0,0,0.4652564838345229,0,0.04189997
7336,L54515,0,0,0.49310292856272914,1,0.7549006
7340,L54519,0,0,0.023136740296161366,0,0.004027934
7341,L54520,0,0,0.042316962563145974,0,0.0379394
7343,M22202,0,0,0.021811513255454912,0,0.005128466
7346,L54525,0,1,0.5770432506671005,0,0.34632593
7353,M22212,0,0,0.02884831516425702,0,0.0129958
7363,L54542,0,0,0.04246067676664652,0,0.004013241
7367,H36780,0,0,0.024983015706039523,0,0.0041509797
7374,L54553,0,0,0.08213567234764574,0,0.0061259684
7382,L54561,0,0,0.17105190456781774,0,0.0075974273
7383,L54562,0,0,0.040865060232629376,0,0.012491011
7385,L54564,0,0,0.11058661032836896,0,0.0070946715
7386,M22245,0,0,0.3651914961988231,0,0.046300437
7396,M22255,0,0,0.09407568468706193,0,0.009168565
7398,L54577,0,0,0.046895302626394415,0,0.019221595
7399,M22258,0,0,0.04703654826700799,0,0.015861193
7401,M22260,0,0,0.07444215622530738,0,0.0091782175
7403,M22262,0,0,0.13771616359176897,0,0.008015686
7405,L54584,0,0,0.040924319474015244,0,0.0094392365
7408,H36821,0,0,0.2285419966427259,0,0.030904723
7409,L54588,0,0,0.2796773467713759,0,0.02216939
7410,L54589,0,0,0.18609132113057597,0,0.029950736
7422,M22281,0,0,0.19984663981320092,0,0.4319317
7424,L54603,0,0,0.3707988253514819,1,0.81099856
7425,M22284,0,0,0.02786502500907522,1,0.58314073
7432,M22291,0,0,0.30996550622659974,0,0.3981246
7436,L54615,0,0,0.021517517858304316,0,0.0020693433
7442,M22301,0,0,0.08205716807950604,0,0.0078704
7443,L54622,0,0,0.024697488845450193,0,0.001428717
7449,L54628,0,0,0.015338829479799402,0,0.0027802347
7453,L54632,0,0,0.014030866797570148,0,0.0013658141
7460,L54639,0,0,0.012715581119013062,0,0.0015668725
7464,H36877,0,0,0.15938676533834326,0,0.0032015734
7469,L54648,0,0,0.0619277433892225,0,0.0022852176
7471,L54650,0,0,0.3320065642554198,0,0.014924167
7475,L54654,0,0,0.09920470605321682,0,0.0054787835
7477,L54656,0,0,0.10851014741354795,0,0.0029065637
7481,M22340,0,0,0.040503668668730335,0,0.0027002774
7491,M22350,0,0,0.051348757251875404,0,0.006591167
7493,M22352,0,0,0.19326928781401911,0,0.007377403
7499,M22358,0,0,0.05701519425969809,0,0.008977237
7500,L54679,0,0,0.05955155018168845,0,0.009410194
7503,H36916,0,0,0.04437934106007826,0,0.0072200685
7506,L54685,0,0,0.2285372687476078,0,0.19825964
7519,L54698,0,0,0.02251377446927425,0,0.0017188919
7526,H36939,0,0,0.03772837560560528,0,0.006235424
7527,L54706,0,0,0.014503160228074663,0,0.001477917
7528,L54707,0,0,0.06826683911717107,0,0.0037448937
7532,H36945,0,0,0.23872534682510613,0,0.031553976
7541,M22400,0,0,0.00830796824625376,0,0.0013710206
7554,L54733,0,0,0.07322779745415803,0,0.0021805419
7558,M22417,0,0,0.027481167707264498,0,0.0029561834
7562,L54741,0,0,0.29843626625494213,0,0.010778698
7569,L54748,0,0,0.1104490126696237,0,0.004441106
7574,L54753,0,0,0.21435101372169557,0,0.0038265751
7575,L54754,0,0,0.09634015404254599,0,0.004896197
7577,M22436,0,0,0.2312707103979178,0,0.0037917676
7581,L54760,0,1,0.7610263053900549,0,0.010181237
7584,L54763,0,1,0.5309018095029647,0,0.011858611
7603,L54782,0,0,0.014118199504454212,0,0.0032665564
7604,L54783,0,0,0.02925475178782103,0,0.003987217
7606,H37019,0,0,0.024997360929377137,0,0.0026435594
7618,L54797,0,0,0.22257424884172194,0,0.005083779
7622,L54801,0,0,0.02935487765066818,0,0.0026402674
7631,L54810,0,0,0.046619698574225904,0,0.0026232381
7635,M22494,0,0,0.05469051249199932,0,0.0020608432
7642,M22501,0,0,0.4776168040960657,0,0.026629953
7643,M22502,0,0,0.022260257132953307,0,0.0021024635
7649,L54828,0,0,0.013447800861345154,0,0.0060023637
7652,M22511,0,0,0.010613102634092358,0,0.003329612
7660,L54839,0,0,0.2768139194077959,0,0.005147539
7663,M22522,0,0,0.04900364202332509,0,0.011998099
7678,L54857,0,1,0.758728565493079,1,0.88130385
7681,L54860,0,0,0.24579070327834715,0,0.16934825
7683,M22542,0,0,0.4818981120826038,1,0.5842245
7685,M22544,0,0,0.14889604228617204,0,0.056437325
7694,L54873,0,0,0.023111662847485014,0,0.0032925035
7698,L54877,0,0,0.03984782730395525,0,0.011520035
7702,H37115,0,0,0.012336489627515476,0,0.0011290681
7703,M22562,0,0,0.016827813934882856,0,0.0021670908
7712,L54891,0,0,0.25394590959220537,0,0.013010903
7713,L54892,0,0,0.028657471860442794,0,0.0025544406
7715,L54894,0,0,0.093236639112114,0,0.002291954
7718,L54897,0,0,0.2630658517381312,0,0.014955464
7731,L54910,0,0,0.15128358804483522,0,0.003271701
7737,H37150,0,0,0.06434092820173595,0,0.0045939377
7740,L54919,0,0,0.025293094866221173,0,0.0064009363
7743,M22602,0,0,0.49447297899307685,0,0.018521203
7749,L54928,0,1,0.5093439430584289,0,0.009581886
7770,L54949,0,0,0.02766910500808787,0,0.001920778
7776,L54955,0,0,0.02746098403915353,0,0.0019632343
7780,L54959,0,0,0.02532380337615231,0,0.0026716855
7783,M22642,0,0,0.010603999811608339,0,0.0018041735
7786,L54965,0,0,0.018063154842611947,0,0.004258158
7787,L54966,0,0,0.10886106230655532,0,0.004476711
7788,L54967,0,0,0.06884362005468019,0,0.014579009
7791,L54970,0,0,0.02616640372641741,0,0.002179712
7806,L54985,0,0,0.026756604851514397,0,0.0035520787
7808,M22667,0,0,0.16965727214352402,0,0.005615194
7810,M22669,0,0,0.020268341344472016,0,0.0027779075
7815,L54994,0,0,0.10755194249443147,0,0.0060512093
7816,M22675,0,0,0.022147104305797354,0,0.004419851
7823,H37236,0,0,0.04341970901937182,0,0.0050684293
7840,L55019,0,0,0.2786652083195708,0,0.26312348
7843,L55022,0,0,0.10416576982708362,0,0.106512114
7845,L55024,0,0,0.27240504575130103,0,0.21942154
7850,M22709,1,0,0.2612249935580461,1,0.66132236
7852,L55031,0,0,0.02591587673050137,0,0.013865585
7853,L55032,0,0,0.009389177793357002,0,0.0016093933
7858,L55037,0,0,0.018931965062277283,0,0.004799351
7859,L55038,0,0,0.06653641592367539,0,0.013243912
7862,L55041,0,0,0.034676653913315314,0,0.0016635204
7868,L55047,0,0,0.009543300464036262,0,0.0019752814
7872,L55051,0,0,0.11677241080925968,0,0.006270583
7873,L55052,0,0,0.01571723000730225,0,0.0014942196
7874,L55053,0,0,0.012606642373127024,0,0.0013620238
7875,L55054,0,0,0.024770531575016276,0,0.0014244037
7885,L55064,1,1,0.7450486564433084,0,0.119723774
7886,L55065,0,0,0.039846497043782264,0,0.0011287895
7894,L55073,0,0,0.05005938644233532,0,0.002495086
7916,H37329,0,0,0.034735870902754436,0,0.0018976262
7920,L55099,0,0,0.14868219099674054,0,0.0035581142
7929,L55108,0,0,0.3800474797422718,0,0.0060969726
7941,M22800,0,0,0.01677586871960719,0,0.0013773213
7943,L55122,0,0,0.0473626888558318,0,0.010580063
7948,L55127,0,0,0.0476309797946811,0,0.010580063
7951,L55130,0,0,0.023211283826867303,0,0.00171058
7957,H37370,0,0,0.014609622598452287,0,0.0014438803
7967,L55146,0,0,0.04053009140077013,0,0.0010257908
7968,M22827,0,0,0.015759901412112698,0,0.0009142787
7973,L55152,0,0,0.42882031614474553,0,0.0073028365
7974,L55153,0,0,0.02496885769971848,0,0.0016502079
7979,L55158,0,1,0.5768742102618694,0,0.0039089876
7983,L55162,0,0,0.10077618632603755,0,0.0011847257
7986,L55165,0,0,0.027474850715437427,0,0.0014038768
7987,L55166,0,0,0.047952556877390064,0,0.0011416586
7993,M22852,0,0,0.059196310193922116,0,0.0018224423
7994,L55173,0,0,0.036307262536944794,0,0.0013389259
7998,M22857,1,1,0.8461288276926832,1,0.95350814
8006,L55185,0,0,0.061620623424349534,0,0.0037533983
8015,L55194,0,0,0.3931555805400887,0,0.0034511087
8016,M22875,0,0,0.13771300682176488,0,0.004013639
8022,M22881,0,0,0.05395236055129471,1,0.5299505
8024,H37437,0,0,0.12761865156527114,0,0.12553228
8026,M22885,0,1,0.5613427312983228,1,0.5532022
8031,L55210,0,0,0.022330562331013246,0,0.0016771987
8032,L55211,0,0,0.004317374517173279,0,0.0016888267
8036,L55215,0,0,0.009110926550956695,0,0.0026386634
8055,L55234,0,0,0.07641296874490708,0,0.013391048
8063,M22922,0,0,0.179553202018581,0,0.009483975
8078,L55257,0,0,0.08792137974455948,0,0.0036610183
8079,L55258,0,0,0.017310017358028517,0,0.002334787
8085,L55264,0,0,0.21261285105670688,0,0.003934107
8086,L55265,0,0,0.19163244721863557,0,0.013915204
8091,L55270,0,0,0.09202422173990345,0,0.01020811
8092,L55271,0,1,0.663853829328114,0,0.04309174
8106,L55285,0,1,0.5167750181174223,0,0.01726943
8107,M22966,0,0,0.02421917748216119,0,0.008309512
8108,H37521,0,0,0.23635283590620546,0,0.022916961
8111,H37524,0,0,0.25088729020146616,0,0.16766652
8113,M22972,0,0,0.016987023768690837,0,0.024827572
8116,L55295,0,0,0.21870097493581286,0,0.02798209
8130,L55309,0,0,0.025986575084598073,0,0.0018453978
8133,M22992,0,0,0.06446136117323199,0,0.0069086193
8135,L55314,0,0,0.020155113950873063,0,0.0019092098
8136,L55315,0,0,0.02094418359580058,0,0.0022780458
8146,M23005,0,0,0.028203024913465973,0,0.010199697
8150,M23009,0,0,0.18455228302148302,0,0.028196562
8151,M23010,0,0,0.025009160539279273,0,0.01756021
8152,L55331,0,0,0.057521472162621025,0,0.007243588
8161,M23020,0,0,0.013681900672682304,0,0.004754857
8163,L55342,0,0,0.04719391919837533,0,0.0029769284
8166,L55345,0,0,0.027487922778812034,0,0.0031488142
8170,M23029,0,0,0.024611748283848007,0,0.0064351326
8172,H37585,0,0,0.06713039398478811,0,0.003233986
8181,M23040,0,0,0.3192538871198132,0,0.005254351
8194,L55373,0,0,0.11283642183313687,1,0.5280496
8195,L55374,0,0,0.3319780613765096,1,0.75930446
8197,L55376,0,0,0.14703667951861946,1,0.52663237
8207,L55386,0,0,0.02839606435793187,0,0.004199563
8210,L55389,0,0,0.028884299703867678,0,0.029044975
8212,L55391,0,0,0.020002036882341735,0,0.0050088344
8222,M23081,0,0,0.017013877783518472,0,0.01340243
8245,L55424,0,0,0.04537030713081049,0,0.0064608846
8246,M23105,1,1,0.8522613747822911,1,0.9794978
8248,L55427,0,0,0.02603865115224305,0,0.011998337
8250,L55429,0,0,0.07289401969236112,0,0.0062084375
8251,M23110,0,0,0.05086350660441449,0,0.039088193
8263,L55442,0,0,0.10654456736021896,0,0.028608391
8270,H37683,0,0,0.08751730174667513,0,0.015164995
8277,L55456,0,1,0.5145883914999165,0,0.41624677
8280,L55459,0,0,0.07783234774907481,0,0.28735584
8286,L55465,0,0,0.06855779188906283,0,0.02217567
8287,M23146,0,0,0.0064034411938563435,0,0.0030541979
8289,M23148,0,0,0.005577950760622906,0,0.0029122918
8291,M23150,0,0,0.015158220931359028,0,0.0037016056
8294,M23153,0,0,0.03899905075068466,0,0.0057698013
8296,L55475,0,0,0.006473694253187811,0,0.0074338
8299,H37712,0,0,0.026312116492711698,0,0.03244311
8301,L55480,0,0,0.02205799065942639,0,0.0042698337
8303,L55482,0,0,0.011092480488319649,0,0.0028656418
8308,M23167,1,1,0.9025442555242084,1,0.99060154
8310,M23169,0,0,0.015423339992449336,0,0.0035532687
8312,M23171,0,0,0.0712253245759823,0,0.013244815
8314,M23173,0,0,0.07230627749127554,0,0.01295422
8315,L55494,0,0,0.04935074504651747,0,0.010416844
8318,L55497,0,0,0.02944305889927229,0,0.00863112
8321,M23180,0,0,0.16209817012214672,0,0.02014402
8325,M23184,0,0,0.08510115769697749,0,0.030102948
8340,M23199,0,0,0.0943528217882997,0,0.006586064
8346,H37759,0,0,0.036916775938733735,0,0.011781773
8349,M23208,0,0,0.14315569545056564,0,0.014617532
8352,M23211,0,0,0.032617380575835034,0,0.02777173
8359,L55538,0,0,0.014668532054415663,0,0.0036941392
8362,L55541,0,0,0.03533073376039016,0,0.011576015
8365,L55544,0,0,0.06936634229662567,0,0.037080143
8367,M23226,0,0,0.006226335667069236,0,0.008000129
8372,L55551,0,0,0.012255689904213043,0,0.009944162
8379,M23238,0,0,0.4051324866756183,1,0.61141014
8382,H37795,0,0,0.016861235961221518,0,0.0031510603
8390,L55569,0,0,0.052080924359358086,0,0.006138991
8391,M23250,0,0,0.45174773672081353,0,0.38015032
8406,M23265,0,0,0.06106904732542548,0,0.004826489
8420,L55599,0,0,0.056023130613225856,0,0.015851006
8427,L55606,0,0,0.1482530847904478,0,0.008407613
8430,L55609,0,0,0.25346013266970685,0,0.008895495
8441,L55620,0,0,0.16675410002497132,0,0.07095072
8446,M23305,0,0,0.006532351514807822,0,0.0029722562
8448,L55627,0,0,0.0807300773090879,0,0.1683519
8461,L55640,0,0,0.2140813897351164,0,0.07840697
8463,M23322,0,0,0.05770968097250831,0,0.006024652
8465,H37878,0,0,0.005405653429094823,0,0.012009885
8466,M23325,0,0,0.01983444343572644,0,0.003975146
8470,M23329,0,1,0.5136031381078301,1,0.6542651
8473,L55652,0,0,0.08293954177532843,0,0.0053656725
8475,M23334,0,0,0.09723503610663779,0,0.0065530366
8483,L55662,0,0,0.04904293776829556,0,0.0068371594
8484,L55663,0,0,0.026844129108179283,0,0.0036494115
8486,L55665,0,0,0.23122173547556532,0,0.031788614
8489,L55668,0,0,0.0588294553675756,0,0.010513141
8501,L55680,0,0,0.07366802820098656,0,0.012900395
8505,L55684,0,0,0.06837631452254377,0,0.01771351
8506,L55685,0,0,0.10232116264844547,0,0.01049478
8507,L55686,1,0,0.04512507039696112,0,0.020183537
8514,M23373,0,0,0.03344313353480608,0,0.007231672
8520,L55699,0,0,0.19426221080259876,0,0.013885883
8521,M23380,0,1,0.688146779735053,0,0.013768125
8525,L55704,0,0,0.056102555990023846,0,0.007827738
8526,L55705,0,0,0.10042823213320974,0,0.016502408
8532,L55711,0,0,0.08585014865177598,0,0.019812083
8534,M23393,0,0,0.01797606267648366,0,0.0034659111
8537,M23396,0,0,0.03500443285783598,0,0.029339353
8538,L55717,0,0,0.027818990064727822,0,0.005760872
8540,L55719,0,0,0.041394828248762165,0,0.0038689612
8542,L55721,0,0,0.009396899155806578,0,0.011313242
8544,M23403,0,0,0.053633791925981625,0,0.013573841
8550,L55729,0,0,0.03967224561612252,0,0.0036564523
8557,L55736,0,0,0.06576926690716424,0,0.0036328284
8570,L55749,0,0,0.05855325398448061,0,0.004505325
8571,H37984,0,0,0.03513032936279449,0,0.0029949113
8583,M23442,1,1,0.9801267350827176,1,0.9904364
8584,L55763,0,0,0.051640918954952014,0,0.0066846833
8601,L55780,0,0,0.1391102087632669,0,0.0070688734
8604,H38017,0,0,0.3836226813436687,1,0.52706647
8608,L55787,0,1,0.665144109569618,1,0.88917327
8613,L55792,0,0,0.030729937220682933,0,0.011216671
8621,L55800,0,0,0.03377455006681946,0,0.002163001
8623,L55802,0,0,0.02669963092804514,0,0.004504211
8626,L55805,0,0,0.02193597878966003,0,0.0022158963
8634,L55813,0,0,0.18503368003824186,0,0.014508004
8637,L55816,0,0,0.017455281142982105,0,0.0041902727
8639,L55818,0,0,0.03388348861542913,0,0.0029589352
8643,M23502,0,0,0.035547651769568804,0,0.0019473734
8646,M23505,0,0,0.010690378233111445,0,0.002520405
8650,L55829,0,1,0.6903116255591724,1,0.5666006
8653,H38066,0,0,0.04161729474536835,0,0.002681247
8655,M23514,0,0,0.12595598790546647,0,0.013819284
8667,L55846,0,0,0.06922976893147625,0,0.0077774115
8671,L55850,0,0,0.02043864479105826,0,0.005403314
8672,L55851,0,0,0.07788339026795793,0,0.0049784654
8678,M23537,0,0,0.029648489733536555,0,0.06874681
8689,L55868,0,0,0.4446624233867293,0,0.22399889
8694,M23553,0,0,0.018374418378973207,0,0.0016311964
8705,L55884,0,0,0.008973891931370326,0,0.005307755
8708,L55887,0,0,0.0244454011839032,0,0.002745296
8709,M23568,0,0,0.1002371683937098,0,0.0115011055
8723,L55902,0,0,0.09624471264731846,0,0.011072154
8724,L55903,0,0,0.017548440780331347,0,0.0024755218
8731,H38144,0,0,0.011390486622839561,0,0.0024929235
8739,L55918,0,0,0.03307010830832624,0,0.0030641684
8743,L55922,0,0,0.03671681126929051,0,0.0027554124
8744,H38157,0,0,0.10924188658819221,0,0.008466309
8745,M23604,0,0,0.014375728185726633,0,0.0050984295
8749,L55928,0,0,0.028204504091035747,0,0.0052017993
8750,L55929,0,0,0.02013300127802647,0,0.013553152
8752,M23611,0,0,0.08197189258462816,0,0.0038029442
8760,M23619,0,0,0.32809009975643005,0,0.0065417313
8761,M23620,0,0,0.12275511128213072,0,0.0114818765
8766,L55945,0,0,0.2592283159023891,0,0.030425668
8788,M23647,0,0,0.010987763136339238,0,0.0025430457
8793,L55972,0,0,0.16983988066687064,0,0.011411365
8800,L55979,0,0,0.037364180989133626,0,0.0027674944
8802,L55981,0,0,0.01345602600484001,0,0.0023496912
8805,M23664,0,0,0.2719451326957168,0,0.057340953
8813,M23672,0,0,0.015515266676412943,0,0.0042734803
8827,M23686,0,0,0.19803822042275587,0,0.006758833
8828,L56007,0,0,0.36776181239949146,0,0.009010988
8832,H38245,0,0,0.02417331095321266,0,0.007059415
8835,L56014,0,0,0.2779193803415553,0,0.008660731
8839,L56018,0,0,0.4273305263414241,0,0.026888002
8843,L56022,0,0,0.24872753485717888,0,0.00435626
8845,H38258,0,0,0.04050631000777221,0,0.006999303
8847,M23706,1,1,0.8255464493397887,1,0.93705124
8850,L56029,0,0,0.003391197769523691,0,0.0025374938
8866,L56045,0,0,0.03776109971945378,0,0.005548051
8871,M23730,0,0,0.03924228770424904,0,0.006480685
8884,M23743,0,0,0.024754977232745785,0,0.0025813584
8888,L56067,0,0,0.04631057836917459,0,0.0033212611
8894,L56073,0,0,0.09049625070378309,0,0.01256192
8896,H38309,0,0,0.032622937880189565,0,0.002449974
8897,L56076,0,0,0.03870275340305289,0,0.0024510312
8902,L56081,0,0,0.3749500108195313,0,0.0135273
8909,L56088,0,0,0.27619820504185416,0,0.0055743214
8912,L56091,0,0,0.036049056626622895,0,0.008751699
8926,M23785,0,0,0.10577454060017963,0,0.090623446
8934,M23793,0,0,0.02484070169003081,0,0.0018914848
8935,L56114,0,0,0.01838520135604762,0,0.002370015
8940,M23799,0,0,0.020672766665905944,0,0.023820432
8945,L56124,0,0,0.013062410148173397,0,0.0024296977
8958,L56137,0,0,0.24845776567485076,0,0.013741622
8963,L56142,0,0,0.021263249433210514,0,0.0032639632
8965,M23824,0,0,0.08081311050326445,0,0.007102415
8968,L56147,0,0,0.10027101930475361,0,0.0035506445
8972,L56151,0,0,0.031192911554760446,0,0.0063772406
8976,H38389,0,0,0.060127402904273285,0,0.0045649414
8977,L56156,0,0,0.03483588722887797,0,0.005198033
8980,M23839,0,0,0.17124636471011312,0,0.008740454
8984,M23843,0,0,0.09877276105434929,0,0.0050606634
8987,M23846,0,0,0.10927520817815602,0,0.0056650257
8992,M23851,0,0,0.0191739095153715,0,0.004943722
8998,M23857,0,0,0.1974853976450491,0,0.003985125
9002,L56181,0,0,0.1645438516887973,0,0.005710895
9009,M23868,0,0,0.15858789957254138,0,0.008195658
9016,L56195,1,1,0.6151701699640254,1,0.71065795
9017,L56196,1,1,0.7083445905767229,1,0.9417739
9020,L56199,0,0,0.010171160407514614,0,0.002356569
9024,L56203,0,0,0.015989264700097684,0,0.002887665
9026,L56205,0,0,0.004485160009240616,0,0.0052692886
9032,H38445,0,0,0.005635413130649851,0,0.0036358642
9038,L56217,0,0,0.03372593978093602,0,0.005111798
9039,L56218,0,0,0.21844558662670444,0,0.3120416
9043,M23902,0,0,0.009606970468634722,0,0.0018151652
9044,L56223,0,0,0.008277852487499881,0,0.011193141
9055,M23914,0,0,0.02372298299746722,0,0.0023727426
9068,L56247,0,1,0.5128540330268517,0,0.021900568
9070,M23929,0,0,0.019067536915355548,0,0.006741014
9072,L56251,0,1,0.5816367106520075,0,0.017667083
9076,L56255,0,0,0.056073093316881616,0,0.0053927917
9077,L56256,0,0,0.2314780853987215,0,0.0057185115
9080,H38493,0,0,0.23339603030689973,0,0.0038756412
9092,M23951,0,0,0.1918055963473161,0,0.0040904116
9105,M23964,0,0,0.13036194071173648,0,0.0047583645
9109,M23968,0,0,0.005939901750106685,0,0.0038387855
9110,L56289,0,0,0.024070138987253176,0,0.00182181
9115,L56294,0,0,0.017027692505677604,0,0.002571131
9123,L56302,0,0,0.10293363227540656,0,0.002826658
9127,L56306,0,0,0.03752580793772548,0,0.0029757554
9128,L56307,0,0,0.02315985224850774,0,0.0043522725
9131,L56310,0,0,0.017972718598303943,0,0.0021570905
9136,H38549,0,0,0.14451293818262667,0,0.010269577
9138,L56317,0,0,0.036936355695815604,0,0.0048191813
9147,L56326,0,0,0.10274611136319056,0,0.0023697827
9160,M24019,0,0,0.028234873987620857,0,0.0043474836
9161,H38574,0,0,0.024595514360100785,0,0.010758716
9175,L56354,1,0,0.20208200924888106,0,0.009342059
9182,L56361,0,0,0.00833492052045124,0,0.002064518
9190,L56369,0,0,0.007959597370464448,0,0.0016007121
9192,M24051,0,0,0.01714218732238348,0,0.004787448
9205,L56384,0,0,0.04993296680549609,0,0.002411364
9208,L56387,0,0,0.11824925038515834,0,0.013756371
9213,L56392,0,0,0.3734419609606122,0,0.016826894
9226,L56405,0,0,0.03196087680939697,0,0.0061917077
9230,M24089,0,0,0.05469290026334989,0,0.009332293
9232,L56411,0,0,0.06698888801821161,0,0.00426618
9233,L56412,0,0,0.3330345832057337,0,0.0149801755
9235,L56414,0,0,0.0540825869708908,0,0.00995834
9237,L56416,0,0,0.03716000535611785,0,0.018188184
9244,L56423,0,1,0.5803650750281177,0,0.026329448
9249,M24108,0,0,0.12522412560918603,0,0.0085083535
9257,L56436,0,0,0.14431775042473757,0,0.007324772
9260,M24119,0,0,0.004884487156024221,0,0.005171731
9270,L56449,0,1,0.579804136062551,0,0.37971255
9273,L56452,0,0,0.25510926233856485,0,0.014775972
9277,L56456,0,0,0.027260665844558305,0,0.0044895653
9283,M24142,0,0,0.04120993905114242,0,0.012557313
9287,L56466,0,0,0.025080885861511634,0,0.0027029843
9292,L56471,0,1,0.5431993195728536,0,0.035652664
9301,L56480,0,0,0.039577459577641,0,0.009530751
9309,L56488,0,0,0.3118128101094969,0,0.033855762
9312,L56491,0,0,0.2702395029075665,0,0.004750517
9313,H38726,0,0,0.03444256466476487,0,0.005336582
9314,L56493,0,0,0.17949021788559855,0,0.027218966
9317,H38730,0,0,0.055266048127732254,0,0.013398653
9318,L56497,0,0,0.07394889232854909,0,0.010764858
9321,L56500,0,0,0.13608613504584405,0,0.011815664
9332,L56511,0,0,0.1746874538626303,0,0.009917345
9338,H38751,0,0,0.24193953377566838,0,0.46859396
9339,H38752,0,0,0.04146252386997816,1,0.56397384
9348,M24207,0,0,0.02018460594665287,0,0.0068042115
9354,L56533,0,0,0.024622212346065247,0,0.013258526
9355,M24214,0,0,0.01008673814383225,0,0.0019838798
9367,L56546,0,0,0.23287178650396284,0,0.00703197
9372,L56551,0,0,0.1151342218603365,0,0.0067986646
9373,L56552,0,0,0.07620721120673989,0,0.0026283183
9382,M24241,0,0,0.08822692486860013,0,0.0023408874
9386,M24245,0,0,0.06831263391972704,0,0.0048034643
9387,M24246,0,0,0.05135359954594506,0,0.011661856
9394,H38807,0,0,0.18425296768287908,0,0.0036821247
9395,L56574,0,0,0.49148221849941137,0,0.012372074
9396,L56575,0,0,0.17316104012173808,0,0.004030617
9403,L56582,0,0,0.23255899094395743,0,0.008731944
9411,M24270,0,0,0.11747412681537335,0,0.009791025
9412,L56591,0,0,0.4319345121337275,0,0.027265346
9414,L56593,0,0,0.4286824509485359,0,0.41024855
9415,L56594,1,1,0.7477606042158857,1,0.9495225
9420,L56599,0,0,0.022101217146272507,0,0.0061060498
9428,L56607,0,0,0.015333632727478197,0,0.0031973273
9432,L56611,0,1,0.5620595351723393,0,0.093029395
9441,M24300,0,0,0.20910582486686813,0,0.00841581
9447,H38860,0,0,0.2536214710687596,0,0.012097821
9451,M24310,0,0,0.08140307489851287,0,0.0028265102
9453,M24312,0,0,0.33204037694601485,0,0.01337751
9459,L56638,0,0,0.056582530268899825,0,0.010514029
9460,L56639,0,0,0.08964297710926084,0,0.0035463886
9469,L56648,0,1,0.6431358413065736,0,0.03656116
9472,M24331,0,0,0.06705022268063007,0,0.014988839
9476,L56655,0,0,0.2782960950591037,0,0.0077051646
9477,M24336,0,0,0.1021798099099481,0,0.006114169
9483,H38896,0,1,0.6277609534137775,0,0.09800121
9485,L56664,0,0,0.25213700057532684,0,0.00837406
9487,M24346,0,0,0.4082736291959223,0,0.01674428
9489,M24348,0,0,0.10390301626222734,0,0.15191075
9490,L56669,0,0,0.18427833532576626,0,0.2400954
9493,L56672,0,0,0.2832942869564074,0,0.4338526
9504,M24363,0,0,0.06495413373143112,0,0.013626032
9507,H38920,0,0,0.033322898442601216,0,0.0036277282
9510,M24369,0,0,0.014749825408341665,0,0.0042633815
9512,L56691,0,0,0.018822618589680654,0,0.010512848
9518,L56697,0,0,0.030284206366948417,0,0.0039512613
9530,L56709,0,0,0.13902209942958113,0,0.013148956
9531,H38944,0,0,0.22995133239370943,0,0.020962773
9534,L56713,0,0,0.028545933296363173,0,0.0076008
9535,L56714,0,0,0.10796406366963278,0,0.03357676
9539,L56718,0,0,0.1459462586625286,0,0.013140333
9542,M24401,0,0,0.05648663400152808,0,0.005736153
9543,L56722,0,0,0.03420351566461771,0,0.016134765
9548,L56727,0,0,0.04029066800285928,0,0.0045651905
9549,L56728,0,0,0.043349927285845996,0,0.0028727532
9555,M24414,0,0,0.11182504368090249,0,0.05099704
9556,H38969,0,0,0.017504839996318647,0,0.0059498614
9559,M24418,0,0,0.03953702233385119,0,0.010800349
9569,L56748,0,0,0.200985000733016,0,0.0052571376
9584,L56763,0,0,0.21364369532537353,0,0.04493146
9590,L56769,0,0,0.03870587596879351,0,0.0042510876
9596,H39009,0,0,0.09899970070496082,0,0.027702445
9602,L56781,0,0,0.056278380365185676,0,0.015630951
9621,L56800,0,0,0.18229961604277345,0,0.012644234
9625,H39038,0,0,0.05838657906175089,0,0.0044880845
9627,M24486,0,1,0.5599202298492566,0,0.07408475
9634,H39047,0,0,0.05073650282829457,0,0.017479142
9636,L56815,0,0,0.07709358638498696,0,0.007409601
9637,L56816,0,0,0.17219018874745526,0,0.010220364
9642,L56821,0,1,0.5689126190638126,0,0.057175897
9644,L56823,0,0,0.19877755183152543,0,0.00901348
9649,L56828,0,0,0.11695843273114082,0,0.016921282
9651,M24510,0,0,0.10617785869465653,0,0.018017225
9656,H39069,0,0,0.49963514359687183,0,0.32609308
9657,L56836,0,0,0.14661250959357916,0,0.31383437
9663,M24522,0,0,0.050704321942864505,1,0.74504924
9665,L56844,1,1,0.6972336240354399,1,0.98753977
9666,L56845,0,0,0.18382103543105374,1,0.69888467
9672,L56851,0,0,0.3293146681332337,0,0.18423128
9674,M24533,0,0,0.008937367818859364,0,0.0031745248
9677,L56856,0,0,0.00863467204474706,0,0.01078532
9686,L56865,0,0,0.0517058933863105,0,0.046928413
9714,L56893,0,0,0.1788797681618626,0,0.011985529
9725,M24584,0,0,0.1266702717097433,0,0.018407151
9728,L56907,0,0,0.06683607790612714,0,0.0073267487
9734,M24593,0,0,0.08019206873301957,0,0.016999224
9737,M24596,0,1,0.6343882560210685,0,0.06143094
9742,L56921,0,0,0.2364645269876339,0,0.0064460593
9744,L56923,0,0,0.341453676090591,0,0.010682333
9745,L56924,0,0,0.11582559628302447,0,0.00708602
9752,L56931,0,0,0.03974919952083839,0,0.02929853
9756,H39169,0,0,0.08236516804127994,1,0.5696701
9760,L56939,0,0,0.01940364850512556,0,0.003811489
9763,L56942,0,0,0.013930749977908784,0,0.012103362
9764,M24623,0,0,0.003829245710053652,0,0.004239626
9766,L56945,0,0,0.012959640380933586,0,0.003477515
9779,H39192,0,0,0.10666204330067862,0,0.014688594
9800,M24659,0,0,0.029620254884088947,0,0.00454543
9802,M24661,0,0,0.20089675313416402,0,0.011143157
9804,L56983,0,0,0.06640384422962434,0,0.008259688
9809,M24668,0,0,0.12701887078758423,0,0.013518827
9811,L56990,0,0,0.15698242405382676,0,0.0054030293
9817,M24676,0,0,0.08393818977374452,0,0.009732795
9828,M24687,0,1,0.7410781006700915,1,0.53292835
9831,L57010,1,1,0.7377911459155636,1,0.9464551
9838,M24697,0,0,0.040489731619194606,0,0.011242117
9851,M24710,0,0,0.006469115272841348,0,0.0037299392
9855,H39268,0,0,0.025815349269831676,0,0.017769868
9856,L57035,0,0,0.034509381017167315,0,0.004605762
9858,M24717,0,0,0.22764329017851886,0,0.016873501
9859,L57038,0,0,0.01298175210543948,0,0.005145085
9862,M24721,0,0,0.015714011112001845,0,0.008776321
9875,M24734,0,0,0.07776576890161112,0,0.0062097437
9882,L57061,0,0,0.06487967160538072,0,0.007780864
9886,L57065,0,0,0.021941424553314128,0,0.015904011
9887,L57066,0,0,0.09163120552555976,0,0.107289806
9890,H39303,0,0,0.11185852994890114,0,0.00728551
9894,M24753,0,0,0.4053840118032391,0,0.010558965
9905,L57084,0,0,0.16483636698966458,0,0.00792361
9913,L57092,0,0,0.3828213934683777,0,0.035338625
9925,M24784,0,0,0.30617278313944957,0,0.018532187
9951,L57130,0,1,0.74889304936396,0,0.01826619
9952,L57131,0,1,0.8728233185734338,0,0.058557674
9955,M24814,0,0,0.14913121737385263,0,0.0042318045
9961,L57140,0,0,0.17833701331298976,0,0.0057023587
9970,L57149,0,1,0.8106239467790317,0,0.013968321
9979,H39392,0,1,0.6791807976846651,0,0.016506951
9982,L57161,0,0,0.4526087076816406,0,0.21005854
9983,M24842,0,1,0.6494720910120645,0,0.014579126
9987,M24846,0,0,0.4816683426926064,0,0.14641398
9988,M24847,0,0,0.20631246436790904,0,0.44075996
9998,M24857,0,0,0.03865722204672442,0,0.0022818672
